league,season,game,team,player,is_home,position,formation_place,sub_in,sub_out,appearances,fouls_committed,fouls_suffered,own_goals,red_cards,sub_ins,yellow_cards,goals_conceded,saves,shots_faced,goal_assists,shots_on_target,total_goals,total_shots,offsides
FRA-Ligue 1,2425,2024-08-16 Le Havre AC-Paris Saint-Germain,Le Havre AC,Arthur Desmas,True,Goalkeeper,1,start,end,1.0,0.0,0.0,0.0,0.0,0.0,0.0,4.0,5.0,11.0,0.0,0.0,0.0,0.0,
FRA-Ligue 1,2425,2024-08-16 Le Havre AC-Paris Saint-Germain,Paris Saint-Germain,Gianluigi Donnarumma,False,Goalkeeper,1,start,end,1.0,0.0,0.0,0.0,0.0,0.0,0.0,1.0,1.0,4.0,0.0,0.0,0.0,0.0,
FRA-Ligue 1,2425,2024-08-17 AS Monaco-Saint-Étienne,AS Monaco,Philipp Köhn,True,Goalkeeper,1,start,end,1.0,0.0,0.0,0.0,0.0,0.0,0.0,0.0,4.0,10.0,0.0,0.0,0.0,0.0,
FRA-Ligue 1,2425,2024-08-17 AS Monaco-Saint-Étienne,Saint-Étienne,Gautier Larsonneur,False,Goalkeeper,1,start,end,1.0,0.0,0.0,0.0,0.0,0.0,0.0,1.0,5.0,16.0,0.0,0.0,0.0,0.0,
FRA-Ligue 1,2425,2024-08-17 Brest-Marseille,Brest,Marco Bizot,True,Goalkeeper,1,start,end,1.0,0.0,0.0,0.0,0.0,0.0,0.0,5.0,0.0,2.0,0.0,0.0,0.0,0.0,
FRA-Ligue 1,2425,2024-08-17 Brest-Marseille,Marseille,Gerónimo Rulli,False,Goalkeeper,1,start,end,1.0,0.0,0.0,0.0,0.0,0.0,0.0,1.0,5.0,8.0,0.0,0.0,0.0,0.0,
FRA-Ligue 1,2425,2024-08-17 Stade de Reims-Lille,Lille,Lucas Chevalier,False,Goalkeeper,1,start,end,1.0,0.0,0.0,0.0,0.0,0.0,0.0,0.0,0.0,2.0,0.0,0.0,0.0,0.0,
FRA-Ligue 1,2425,2024-08-17 Stade de Reims-Lille,Stade de Reims,Yehvann Diouf,True,Goalkeeper,1,start,end,1.0,0.0,0.0,0.0,0.0,0.0,0.0,2.0,4.0,20.0,0.0,0.0,0.0,0.0,
FRA-Ligue 1,2425,2024-08-18 AJ Auxerre-Nice,AJ Auxerre,Donovan Léon,True,Goalkeeper,1,start,end,1.0,0.0,1.0,0.0,0.0,0.0,0.0,1.0,1.0,8.0,1.0,0.0,0.0,0.0,
FRA-Ligue 1,2425,2024-08-18 AJ Auxerre-Nice,Nice,Marcin Bulka,False,Goalkeeper,1,start,end,1.0,0.0,0.0,0.0,0.0,0.0,0.0,2.0,5.0,12.0,0.0,0.0,0.0,0.0,
FRA-Ligue 1,2425,2024-08-18 Angers-Lens,Angers,Yahia Fofana,True,Goalkeeper,1,start,end,1.0,0.0,0.0,0.0,0.0,0.0,0.0,1.0,3.0,9.0,0.0,0.0,0.0,0.0,
FRA-Ligue 1,2425,2024-08-18 Angers-Lens,Lens,Brice Samba,False,Goalkeeper,1,start,end,1.0,0.0,0.0,0.0,0.0,0.0,0.0,0.0,3.0,7.0,0.0,0.0,0.0,0.0,
FRA-Ligue 1,2425,2024-08-18 Montpellier-Strasbourg,Montpellier,Benjamin Lecomte,True,Goalkeeper,1,start,end,1.0,0.0,0.0,0.0,0.0,0.0,0.0,1.0,3.0,10.0,0.0,0.0,0.0,0.0,
FRA-Ligue 1,2425,2024-08-18 Montpellier-Strasbourg,Strasbourg,Karl-Johan Johnsson,False,Goalkeeper,1,start,end,1.0,1.0,0.0,0.0,0.0,0.0,0.0,1.0,4.0,6.0,0.0,0.0,0.0,0.0,
FRA-Ligue 1,2425,2024-08-18 Stade Rennais-Lyon,Lyon,Lucas Perri,False,Goalkeeper,1,start,end,1.0,0.0,0.0,0.0,0.0,0.0,0.0,3.0,5.0,19.0,0.0,0.0,0.0,0.0,
FRA-Ligue 1,2425,2024-08-18 Stade Rennais-Lyon,Stade Rennais,Steve Mandanda,True,Goalkeeper,1,start,end,1.0,0.0,0.0,0.0,0.0,0.0,0.0,0.0,1.0,15.0,0.0,0.0,0.0,0.0,
FRA-Ligue 1,2425,2024-08-18 Toulouse-Nantes,Nantes,Alban Lafont,False,Goalkeeper,1,start,end,1.0,0.0,0.0,0.0,0.0,0.0,0.0,0.0,6.0,12.0,0.0,0.0,0.0,0.0,
FRA-Ligue 1,2425,2024-08-18 Toulouse-Nantes,Toulouse,Guillaume Restes,True,Goalkeeper,1,start,end,1.0,0.0,0.0,0.0,0.0,0.0,0.0,0.0,2.0,10.0,0.0,0.0,0.0,0.0,
FRA-Ligue 1,2425,2024-08-23 Paris Saint-Germain-Montpellier,Montpellier,Benjamin Lecomte,False,Goalkeeper,1,start,end,1.0,0.0,0.0,0.0,0.0,0.0,0.0,6.0,5.0,21.0,0.0,0.0,0.0,0.0,
FRA-Ligue 1,2425,2024-08-23 Paris Saint-Germain-Montpellier,Paris Saint-Germain,Gianluigi Donnarumma,True,Goalkeeper,1,start,end,1.0,0.0,0.0,0.0,0.0,0.0,0.0,0.0,3.0,8.0,0.0,0.0,0.0,0.0,
FRA-Ligue 1,2425,2024-08-24 Lille-Angers,Angers,Yahia Fofana,False,Goalkeeper,1,start,end,1.0,0.0,0.0,0.0,0.0,0.0,0.0,2.0,4.0,9.0,0.0,0.0,0.0,0.0,
FRA-Ligue 1,2425,2024-08-24 Lille-Angers,Lille,Lucas Chevalier,True,Goalkeeper,1,start,end,1.0,0.0,0.0,0.0,0.0,0.0,0.0,0.0,2.0,6.0,0.0,0.0,0.0,0.0,
FRA-Ligue 1,2425,2024-08-24 Lyon-AS Monaco,AS Monaco,Philipp Köhn,False,Goalkeeper,1,start,end,1.0,0.0,0.0,0.0,0.0,0.0,0.0,0.0,0.0,1.0,0.0,0.0,0.0,0.0,
FRA-Ligue 1,2425,2024-08-24 Lyon-AS Monaco,Lyon,Lucas Perri,True,Goalkeeper,1,start,end,1.0,0.0,0.0,0.0,0.0,0.0,0.0,2.0,4.0,19.0,0.0,0.0,0.0,0.0,
FRA-Ligue 1,2425,2024-08-24 Saint-Étienne-Le Havre AC,Le Havre AC,Arthur Desmas,False,Goalkeeper,1,start,end,1.0,0.0,0.0,0.0,0.0,0.0,0.0,0.0,5.0,19.0,0.0,0.0,0.0,0.0,
FRA-Ligue 1,2425,2024-08-24 Saint-Étienne-Le Havre AC,Saint-Étienne,Gautier Larsonneur,True,Goalkeeper,1,start,end,1.0,0.0,0.0,0.0,0.0,0.0,1.0,2.0,3.0,11.0,0.0,0.0,0.0,0.0,
FRA-Ligue 1,2425,2024-08-25 Lens-Brest,Brest,Marco Bizot,False,Goalkeeper,1,start,end,1.0,0.0,0.0,0.0,0.0,0.0,0.0,2.0,8.0,19.0,0.0,0.0,0.0,0.0,
FRA-Ligue 1,2425,2024-08-25 Lens-Brest,Lens,Brice Samba,True,Goalkeeper,1,start,end,1.0,0.0,0.0,0.0,0.0,0.0,0.0,0.0,2.0,11.0,0.0,0.0,0.0,0.0,
FRA-Ligue 1,2425,2024-08-25 Marseille-Stade de Reims,Marseille,Gerónimo Rulli,True,Goalkeeper,1,start,end,1.0,0.0,1.0,0.0,0.0,0.0,0.0,2.0,1.0,11.0,0.0,0.0,0.0,0.0,
FRA-Ligue 1,2425,2024-08-25 Marseille-Stade de Reims,Stade de Reims,Yehvann Diouf,False,Goalkeeper,1,start,end,1.0,0.0,0.0,0.0,0.0,0.0,0.0,2.0,9.0,17.0,0.0,0.0,0.0,0.0,
FRA-Ligue 1,2425,2024-08-25 Nantes-AJ Auxerre,AJ Auxerre,Donovan Léon,False,Goalkeeper,1,start,end,1.0,0.0,0.0,0.0,0.0,0.0,0.0,2.0,3.0,6.0,0.0,0.0,0.0,0.0,
FRA-Ligue 1,2425,2024-08-25 Nantes-AJ Auxerre,Nantes,Alban Lafont,True,Goalkeeper,1,start,end,1.0,0.0,0.0,0.0,0.0,0.0,0.0,0.0,3.0,12.0,0.0,0.0,0.0,0.0,
FRA-Ligue 1,2425,2024-08-25 Nice-Toulouse,Nice,Marcin Bulka,True,Goalkeeper,1,start,end,1.0,0.0,0.0,0.0,0.0,0.0,0.0,1.0,2.0,14.0,0.0,0.0,0.0,0.0,
FRA-Ligue 1,2425,2024-08-25 Nice-Toulouse,Toulouse,Guillaume Restes,False,Goalkeeper,1,start,end,1.0,0.0,1.0,0.0,0.0,0.0,0.0,1.0,2.0,10.0,0.0,0.0,0.0,0.0,
FRA-Ligue 1,2425,2024-08-25 Strasbourg-Stade Rennais,Stade Rennais,Steve Mandanda,False,Goalkeeper,1,start,end,1.0,0.0,0.0,0.0,0.0,0.0,0.0,3.0,3.0,8.0,0.0,0.0,0.0,0.0,
FRA-Ligue 1,2425,2024-08-25 Strasbourg-Stade Rennais,Strasbourg,Karl-Johan Johnsson,True,Goalkeeper,1,start,end,1.0,0.0,0.0,0.0,0.0,0.0,0.0,1.0,4.0,14.0,0.0,0.0,0.0,0.0,
FRA-Ligue 1,2425,2024-08-30 Lyon-Strasbourg,Lyon,Lucas Perri,True,Goalkeeper,1,start,end,1.0,0.0,0.0,0.0,0.0,0.0,0.0,3.0,5.0,13.0,0.0,0.0,0.0,0.0,
FRA-Ligue 1,2425,2024-08-30 Lyon-Strasbourg,Strasbourg,Karl-Johan Johnsson,False,Goalkeeper,1,start,end,1.0,0.0,0.0,0.0,0.0,0.0,0.0,4.0,8.0,16.0,0.0,0.0,0.0,0.0,
FRA-Ligue 1,2425,2024-08-31 Brest-Saint-Étienne,Brest,Marco Bizot,True,Goalkeeper,1,start,end,1.0,0.0,0.0,0.0,0.0,0.0,0.0,0.0,0.0,6.0,0.0,0.0,0.0,0.0,
FRA-Ligue 1,2425,2024-08-31 Brest-Saint-Étienne,Saint-Étienne,Gautier Larsonneur,False,Goalkeeper,1,start,end,1.0,0.0,0.0,0.0,0.0,0.0,0.0,4.0,4.0,19.0,0.0,0.0,0.0,0.0,
FRA-Ligue 1,2425,2024-08-31 Montpellier-Nantes,Montpellier,Benjamin Lecomte,True,Goalkeeper,1,start,end,1.0,0.0,0.0,0.0,0.0,0.0,0.0,3.0,1.0,6.0,0.0,0.0,0.0,0.0,
FRA-Ligue 1,2425,2024-08-31 Montpellier-Nantes,Nantes,Alban Lafont,False,Goalkeeper,1,start,end,1.0,0.0,0.0,0.0,0.0,0.0,1.0,1.0,4.0,9.0,0.0,0.0,0.0,0.0,
FRA-Ligue 1,2425,2024-08-31 Toulouse-Marseille,Marseille,Gerónimo Rulli,False,Goalkeeper,1,start,end,1.0,0.0,0.0,0.0,0.0,0.0,0.0,1.0,0.0,2.0,0.0,0.0,0.0,0.0,
FRA-Ligue 1,2425,2024-08-31 Toulouse-Marseille,Toulouse,Guillaume Restes,True,Goalkeeper,1,start,end,1.0,0.0,0.0,0.0,0.0,0.0,0.0,3.0,2.0,11.0,0.0,0.0,0.0,0.0,
FRA-Ligue 1,2425,2024-09-01 AS Monaco-Lens,AS Monaco,Philipp Köhn,True,Goalkeeper,1,start,end,1.0,0.0,1.0,0.0,0.0,0.0,0.0,1.0,3.0,11.0,0.0,0.0,0.0,0.0,
FRA-Ligue 1,2425,2024-09-01 AS Monaco-Lens,Lens,Brice Samba,False,Goalkeeper,1,start,end,1.0,0.0,0.0,0.0,0.0,0.0,0.0,1.0,2.0,13.0,0.0,0.0,0.0,0.0,
FRA-Ligue 1,2425,2024-09-01 Angers-Nice,Angers,Yahia Fofana,True,Goalkeeper,1,start,end,1.0,0.0,0.0,0.0,0.0,0.0,1.0,4.0,4.0,10.0,0.0,0.0,0.0,0.0,
FRA-Ligue 1,2425,2024-09-01 Angers-Nice,Nice,Marcin Bulka,False,Goalkeeper,1,start,end,1.0,0.0,0.0,0.0,0.0,0.0,0.0,1.0,7.0,13.0,0.0,0.0,0.0,0.0,
FRA-Ligue 1,2425,2024-09-01 Le Havre AC-AJ Auxerre,AJ Auxerre,Donovan Léon,False,Goalkeeper,1,start,end,1.0,0.0,0.0,0.0,0.0,0.0,0.0,3.0,6.0,20.0,0.0,0.0,0.0,0.0,
FRA-Ligue 1,2425,2024-09-01 Le Havre AC-AJ Auxerre,Le Havre AC,Arthur Desmas,True,Goalkeeper,1,start,end,1.0,0.0,1.0,0.0,0.0,0.0,0.0,1.0,2.0,5.0,0.0,0.0,0.0,0.0,
FRA-Ligue 1,2425,2024-09-01 Lille-Paris Saint-Germain,Lille,Lucas Chevalier,True,Goalkeeper,1,start,end,1.0,0.0,0.0,0.0,0.0,0.0,0.0,3.0,4.0,8.0,0.0,0.0,0.0,0.0,
FRA-Ligue 1,2425,2024-09-01 Lille-Paris Saint-Germain,Paris Saint-Germain,Gianluigi Donnarumma,False,Goalkeeper,1,start,end,1.0,0.0,1.0,0.0,0.0,0.0,1.0,1.0,3.0,7.0,0.0,0.0,0.0,0.0,
FRA-Ligue 1,2425,2024-09-01 Stade de Reims-Stade Rennais,Stade Rennais,Steve Mandanda,False,Goalkeeper,1,start,end,1.0,0.0,0.0,0.0,0.0,0.0,0.0,2.0,5.0,9.0,0.0,0.0,0.0,0.0,
FRA-Ligue 1,2425,2024-09-01 Stade de Reims-Stade Rennais,Stade de Reims,Yehvann Diouf,True,Goalkeeper,1,start,end,1.0,0.0,1.0,0.0,0.0,0.0,0.0,1.0,4.0,10.0,0.0,0.0,0.0,0.0,
FRA-Ligue 1,2425,2024-09-13 Saint-Étienne-Lille,Lille,Lucas Chevalier,False,Goalkeeper,1,start,end,1.0,0.0,0.0,0.0,0.0,0.0,0.0,1.0,4.0,9.0,0.0,0.0,0.0,0.0,
FRA-Ligue 1,2425,2024-09-13 Saint-Étienne-Lille,Saint-Étienne,Gautier Larsonneur,True,Goalkeeper,1,start,end,1.0,0.0,1.0,0.0,0.0,0.0,0.0,0.0,4.0,16.0,0.0,0.0,0.0,0.0,
FRA-Ligue 1,2425,2024-09-14 AJ Auxerre-AS Monaco,AJ Auxerre,Donovan Léon,True,Goalkeeper,1,start,end,1.0,0.0,1.0,0.0,0.0,0.0,0.0,3.0,6.0,15.0,0.0,0.0,0.0,0.0,
FRA-Ligue 1,2425,2024-09-14 AJ Auxerre-AS Monaco,AS Monaco,Philipp Köhn,False,Goalkeeper,1,start,end,1.0,0.0,0.0,0.0,0.0,0.0,0.0,0.0,3.0,14.0,0.0,0.0,0.0,0.0,
FRA-Ligue 1,2425,2024-09-14 Marseille-Nice,Marseille,Gerónimo Rulli,True,Goalkeeper,1,start,end,1.0,0.0,0.0,0.0,0.0,0.0,0.0,0.0,5.0,11.0,0.0,0.0,0.0,0.0,
FRA-Ligue 1,2425,2024-09-14 Marseille-Nice,Nice,Marcin Bulka,False,Goalkeeper,1,start,end,1.0,0.0,0.0,0.0,0.0,0.0,0.0,2.0,3.0,8.0,0.0,0.0,0.0,0.0,
FRA-Ligue 1,2425,2024-09-14 Paris Saint-Germain-Brest,Brest,Marco Bizot,False,Goalkeeper,1,start,end,1.0,0.0,0.0,0.0,0.0,0.0,0.0,3.0,6.0,19.0,0.0,0.0,0.0,0.0,
FRA-Ligue 1,2425,2024-09-14 Paris Saint-Germain-Brest,Paris Saint-Germain,Gianluigi Donnarumma,True,Goalkeeper,1,start,end,1.0,0.0,0.0,0.0,0.0,0.0,0.0,1.0,2.0,4.0,0.0,0.0,0.0,0.0,
FRA-Ligue 1,2425,2024-09-15 Lens-Lyon,Lens,Brice Samba,True,Goalkeeper,1,start,end,1.0,0.0,0.0,0.0,0.0,0.0,0.0,0.0,3.0,7.0,0.0,0.0,0.0,0.0,
FRA-Ligue 1,2425,2024-09-15 Lens-Lyon,Lyon,Lucas Perri,False,Goalkeeper,1,start,end,1.0,0.0,0.0,0.0,0.0,0.0,0.0,0.0,4.0,12.0,0.0,0.0,0.0,0.0,
FRA-Ligue 1,2425,2024-09-15 Nantes-Stade de Reims,Nantes,Alban Lafont,True,Goalkeeper,1,start,end,1.0,0.0,0.0,0.0,0.0,0.0,0.0,2.0,2.0,9.0,0.0,0.0,0.0,0.0,
FRA-Ligue 1,2425,2024-09-15 Nantes-Stade de Reims,Stade de Reims,Yehvann Diouf,False,Goalkeeper,1,start,end,1.0,0.0,0.0,0.0,0.0,0.0,0.0,1.0,5.0,16.0,0.0,0.0,0.0,0.0,
FRA-Ligue 1,2425,2024-09-15 Stade Rennais-Montpellier,Montpellier,Benjamin Lecomte,False,Goalkeeper,1,start,end,1.0,0.0,0.0,0.0,0.0,0.0,0.0,3.0,3.0,8.0,0.0,0.0,0.0,0.0,
FRA-Ligue 1,2425,2024-09-15 Stade Rennais-Montpellier,Stade Rennais,Steve Mandanda,True,Goalkeeper,1,start,end,1.0,0.0,0.0,0.0,0.0,0.0,0.0,0.0,4.0,13.0,0.0,0.0,0.0,0.0,
FRA-Ligue 1,2425,2024-09-15 Strasbourg-Angers,Angers,Yahia Fofana,False,Goalkeeper,1,start,end,1.0,0.0,0.0,0.0,0.0,0.0,0.0,1.0,4.0,9.0,0.0,0.0,0.0,0.0,
FRA-Ligue 1,2425,2024-09-15 Strasbourg-Angers,Strasbourg,Djordje Petrovic,True,Goalkeeper,1,start,end,1.0,0.0,0.0,0.0,0.0,0.0,0.0,1.0,1.0,11.0,0.0,0.0,0.0,0.0,
FRA-Ligue 1,2425,2024-09-15 Toulouse-Le Havre AC,Le Havre AC,Arthur Desmas,False,Goalkeeper,1,start,end,1.0,0.0,1.0,0.0,0.0,0.0,0.0,2.0,4.0,13.0,0.0,0.0,0.0,0.0,
FRA-Ligue 1,2425,2024-09-15 Toulouse-Le Havre AC,Toulouse,Guillaume Restes,True,Goalkeeper,1,start,end,1.0,0.0,0.0,0.0,0.0,0.0,0.0,0.0,3.0,5.0,0.0,0.0,0.0,0.0,
FRA-Ligue 1,2425,2024-09-20 Nice-Saint-Étienne,Nice,Marcin Bulka,True,Goalkeeper,1,start,end,1.0,0.0,0.0,0.0,0.0,0.0,0.0,0.0,2.0,7.0,0.0,0.0,0.0,0.0,
FRA-Ligue 1,2425,2024-09-20 Nice-Saint-Étienne,Saint-Étienne,Gautier Larsonneur,False,Goalkeeper,1,start,end,1.0,0.0,0.0,0.0,0.0,0.0,0.0,8.0,5.0,10.0,0.0,0.0,0.0,0.0,
FRA-Ligue 1,2425,2024-09-21 Lille-Strasbourg,Lille,Lucas Chevalier,True,Goalkeeper,1,start,end,1.0,0.0,0.0,0.0,0.0,0.0,0.0,3.0,7.0,9.0,0.0,0.0,0.0,0.0,
FRA-Ligue 1,2425,2024-09-21 Lille-Strasbourg,Strasbourg,Djordje Petrovic,False,Goalkeeper,1,start,end,1.0,0.0,0.0,0.0,0.0,0.0,0.0,3.0,4.0,12.0,0.0,0.0,0.0,0.0,
FRA-Ligue 1,2425,2024-09-21 Stade Rennais-Lens,Lens,Brice Samba,False,Goalkeeper,1,start,end,1.0,0.0,1.0,0.0,0.0,0.0,0.0,1.0,5.0,10.0,0.0,0.0,0.0,0.0,
FRA-Ligue 1,2425,2024-09-21 Stade Rennais-Lens,Stade Rennais,Steve Mandanda,True,Goalkeeper,1,start,end,1.0,0.0,0.0,0.0,0.0,0.0,0.0,1.0,1.0,9.0,0.0,0.0,0.0,0.0,
FRA-Ligue 1,2425,2024-09-21 Stade de Reims-Paris Saint-Germain,Paris Saint-Germain,Matvei Safonov,False,Goalkeeper,1,start,end,1.0,0.0,1.0,0.0,0.0,0.0,0.0,1.0,0.0,8.0,0.0,0.0,0.0,0.0,
FRA-Ligue 1,2425,2024-09-21 Stade de Reims-Paris Saint-Germain,Stade de Reims,Yehvann Diouf,True,Goalkeeper,1,start,end,1.0,0.0,0.0,0.0,0.0,0.0,0.0,1.0,3.0,10.0,0.0,0.0,0.0,0.0,
FRA-Ligue 1,2425,2024-09-22 AS Monaco-Le Havre AC,AS Monaco,Philipp Köhn,True,Goalkeeper,1,start,end,1.0,0.0,0.0,0.0,0.0,0.0,0.0,1.0,0.0,7.0,0.0,0.0,0.0,0.0,
FRA-Ligue 1,2425,2024-09-22 AS Monaco-Le Havre AC,Le Havre AC,Arthur Desmas,False,Goalkeeper,1,start,end,1.0,0.0,0.0,0.0,0.0,0.0,0.0,3.0,1.0,10.0,0.0,0.0,0.0,0.0,
FRA-Ligue 1,2425,2024-09-22 Angers-Nantes,Angers,Yahia Fofana,True,Goalkeeper,1,start,end,1.0,0.0,1.0,0.0,0.0,0.0,0.0,1.0,2.0,8.0,0.0,0.0,0.0,0.0,
FRA-Ligue 1,2425,2024-09-22 Angers-Nantes,Nantes,Alban Lafont,False,Goalkeeper,1,start,end,1.0,0.0,0.0,0.0,0.0,0.0,0.0,1.0,0.0,5.0,0.0,0.0,0.0,0.0,
FRA-Ligue 1,2425,2024-09-22 Brest-Toulouse,Brest,Marco Bizot,True,Goalkeeper,1,start,end,1.0,0.0,0.0,0.0,0.0,0.0,0.0,0.0,1.0,10.0,0.0,0.0,0.0,0.0,
FRA-Ligue 1,2425,2024-09-22 Brest-Toulouse,Toulouse,Guillaume Restes,False,Goalkeeper,1,start,end,1.0,0.0,0.0,0.0,0.0,0.0,0.0,2.0,3.0,6.0,0.0,0.0,0.0,0.0,
FRA-Ligue 1,2425,2024-09-22 Lyon-Marseille,Lyon,Lucas Perri,True,Goalkeeper,1,start,end,1.0,0.0,0.0,0.0,0.0,0.0,0.0,3.0,2.0,6.0,0.0,0.0,0.0,0.0,
FRA-Ligue 1,2425,2024-09-22 Lyon-Marseille,Marseille,Gerónimo Rulli,False,Goalkeeper,1,start,end,1.0,0.0,3.0,0.0,0.0,0.0,0.0,2.0,5.0,19.0,0.0,0.0,0.0,0.0,
FRA-Ligue 1,2425,2024-09-22 Montpellier-AJ Auxerre,AJ Auxerre,Donovan Léon,False,Goalkeeper,1,start,end,1.0,0.0,0.0,0.0,0.0,0.0,0.0,3.0,1.0,11.0,0.0,0.0,0.0,0.0,
FRA-Ligue 1,2425,2024-09-22 Montpellier-AJ Auxerre,Montpellier,Dimitry Bertaud,True,Goalkeeper,1,start,end,1.0,0.0,0.0,0.0,0.0,0.0,0.0,2.0,3.0,8.0,0.0,0.0,0.0,0.0,
FRA-Ligue 1,2425,2024-09-27 AJ Auxerre-Brest,AJ Auxerre,Donovan Léon,True,Goalkeeper,1,start,end,1.0,0.0,0.0,0.0,0.0,0.0,0.0,0.0,4.0,8.0,0.0,0.0,0.0,0.0,
FRA-Ligue 1,2425,2024-09-27 AJ Auxerre-Brest,Brest,Marco Bizot,False,Goalkeeper,1,start,end,1.0,0.0,0.0,0.0,0.0,0.0,0.0,3.0,1.0,12.0,0.0,0.0,0.0,0.0,
FRA-Ligue 1,2425,2024-09-27 Paris Saint-Germain-Stade Rennais,Paris Saint-Germain,Matvei Safonov,True,Goalkeeper,1,start,end,1.0,0.0,0.0,0.0,0.0,0.0,0.0,1.0,4.0,9.0,0.0,0.0,0.0,0.0,
FRA-Ligue 1,2425,2024-09-27 Paris Saint-Germain-Stade Rennais,Stade Rennais,Steve Mandanda,False,Goalkeeper,1,start,end,1.0,0.0,0.0,0.0,0.0,0.0,0.0,3.0,4.0,21.0,0.0,0.0,0.0,0.0,
FRA-Ligue 1,2425,2024-09-28 AS Monaco-Montpellier,AS Monaco,Philipp Köhn,True,Goalkeeper,1,start,end,1.0,0.0,0.0,0.0,0.0,0.0,0.0,1.0,2.0,8.0,0.0,0.0,0.0,0.0,
FRA-Ligue 1,2425,2024-09-28 AS Monaco-Montpellier,Montpellier,Dimitry Bertaud,False,Goalkeeper,1,start,end,1.0,0.0,0.0,0.0,0.0,0.0,0.0,2.0,4.0,18.0,0.0,0.0,0.0,0.0,
FRA-Ligue 1,2425,2024-09-28 Le Havre AC-Lille,Le Havre AC,Arthur Desmas,True,Goalkeeper,1,start,end,1.0,1.0,0.0,0.0,0.0,0.0,1.0,3.0,7.0,13.0,0.0,0.0,0.0,0.0,
FRA-Ligue 1,2425,2024-09-28 Le Havre AC-Lille,Lille,Lucas Chevalier,False,Goalkeeper,1,start,end,1.0,0.0,2.0,0.0,0.0,0.0,0.0,0.0,4.0,7.0,0.0,0.0,0.0,0.0,
FRA-Ligue 1,2425,2024-09-28 Lens-Nice,Lens,Brice Samba,True,Goalkeeper,1,start,end,1.0,0.0,0.0,0.0,0.0,0.0,0.0,0.0,4.0,15.0,0.0,0.0,0.0,0.0,
FRA-Ligue 1,2425,2024-09-28 Lens-Nice,Nice,Marcin Bulka,False,Goalkeeper,1,start,end,1.0,0.0,0.0,0.0,0.0,0.0,0.0,0.0,6.0,21.0,0.0,0.0,0.0,0.0,
FRA-Ligue 1,2425,2024-09-29 Angers-Stade de Reims,Angers,Yahia Fofana,True,Goalkeeper,1,start,end,1.0,0.0,0.0,0.0,0.0,0.0,0.0,3.0,7.0,17.0,0.0,0.0,0.0,0.0,
FRA-Ligue 1,2425,2024-09-29 Angers-Stade de Reims,Stade de Reims,Yehvann Diouf,False,Goalkeeper,1,start,end,1.0,0.0,0.0,0.0,0.0,0.0,0.0,1.0,2.0,11.0,0.0,0.0,0.0,0.0,
FRA-Ligue 1,2425,2024-09-29 Nantes-Saint-Étienne,Nantes,Alban Lafont,True,Goalkeeper,1,start,end,1.0,0.0,0.0,0.0,0.0,0.0,0.0,2.0,1.0,3.0,0.0,0.0,0.0,0.0,
FRA-Ligue 1,2425,2024-09-29 Nantes-Saint-Étienne,Saint-Étienne,Gautier Larsonneur,False,Goalkeeper,1,start,end,1.0,0.0,0.0,0.0,0.0,0.0,1.0,2.0,1.0,14.0,0.0,0.0,0.0,0.0,
FRA-Ligue 1,2425,2024-09-29 Strasbourg-Marseille,Marseille,Gerónimo Rulli,False,Goalkeeper,1,start,end,1.0,0.0,0.0,0.0,0.0,0.0,0.0,1.0,5.0,13.0,0.0,0.0,0.0,0.0,
FRA-Ligue 1,2425,2024-09-29 Strasbourg-Marseille,Strasbourg,Djordje Petrovic,True,Goalkeeper,1,start,end,1.0,0.0,0.0,0.0,0.0,0.0,0.0,0.0,3.0,10.0,0.0,0.0,0.0,0.0,
FRA-Ligue 1,2425,2024-09-29 Toulouse-Lyon,Lyon,Lucas Perri,False,Goalkeeper,1,start,end,1.0,0.0,1.0,0.0,0.0,0.0,0.0,1.0,3.0,9.0,0.0,0.0,0.0,0.0,
FRA-Ligue 1,2425,2024-09-29 Toulouse-Lyon,Toulouse,Guillaume Restes,True,Goalkeeper,1,start,end,1.0,0.0,0.0,0.0,0.0,0.0,0.0,2.0,0.0,3.0,0.0,0.0,0.0,0.0,
FRA-Ligue 1,2425,2024-10-04 Marseille-Angers,Angers,Yahia Fofana,False,Goalkeeper,1,start,end,1.0,0.0,1.0,0.0,0.0,0.0,0.0,1.0,3.0,15.0,0.0,0.0,0.0,0.0,
FRA-Ligue 1,2425,2024-10-04 Marseille-Angers,Marseille,Gerónimo Rulli,True,Goalkeeper,1,start,end,1.0,0.0,0.0,0.0,0.0,0.0,0.0,1.0,2.0,8.0,0.0,0.0,0.0,0.0,
FRA-Ligue 1,2425,2024-10-05 Lille-Toulouse,Lille,Lucas Chevalier,True,Goalkeeper,1,start,end,1.0,0.0,0.0,0.0,0.0,0.0,0.0,1.0,2.0,9.0,0.0,0.0,0.0,0.0,
FRA-Ligue 1,2425,2024-10-05 Lille-Toulouse,Toulouse,Guillaume Restes,False,Goalkeeper,1,start,end,1.0,0.0,0.0,0.0,0.0,0.0,0.0,2.0,1.0,9.0,0.0,0.0,0.0,0.0,
FRA-Ligue 1,2425,2024-10-05 Saint-Étienne-AJ Auxerre,AJ Auxerre,Donovan Léon,False,Goalkeeper,1,start,end,1.0,0.0,0.0,0.0,0.0,0.0,0.0,3.0,2.0,10.0,0.0,0.0,0.0,0.0,
FRA-Ligue 1,2425,2024-10-05 Saint-Étienne-AJ Auxerre,Saint-Étienne,Gautier Larsonneur,True,Goalkeeper,1,start,end,1.0,0.0,0.0,0.0,0.0,0.0,0.0,1.0,0.0,10.0,0.0,0.0,0.0,0.0,
FRA-Ligue 1,2425,2024-10-05 Stade Rennais-AS Monaco,AS Monaco,Philipp Köhn,False,Goalkeeper,1,start,end,1.0,0.0,0.0,0.0,0.0,0.0,1.0,1.0,2.0,13.0,0.0,0.0,0.0,0.0,
FRA-Ligue 1,2425,2024-10-05 Stade Rennais-AS Monaco,Stade Rennais,Steve Mandanda,True,Goalkeeper,1,start,end,1.0,0.0,0.0,0.0,0.0,0.0,0.0,2.0,0.0,3.0,0.0,0.0,0.0,0.0,
FRA-Ligue 1,2425,2024-10-06 Brest-Le Havre AC,Brest,Marco Bizot,True,Goalkeeper,1,start,end,1.0,0.0,0.0,0.0,0.0,0.0,0.0,0.0,0.0,14.0,0.0,0.0,0.0,0.0,
FRA-Ligue 1,2425,2024-10-06 Brest-Le Havre AC,Le Havre AC,Arthur Desmas,False,Goalkeeper,1,start,end,1.0,0.0,1.0,0.0,0.0,0.0,0.0,2.0,1.0,6.0,0.0,0.0,0.0,0.0,
FRA-Ligue 1,2425,2024-10-06 Lyon-Nantes,Lyon,Lucas Perri,True,Goalkeeper,1,start,end,1.0,0.0,0.0,0.0,0.0,0.0,0.0,0.0,6.0,10.0,0.0,0.0,0.0,0.0,
FRA-Ligue 1,2425,2024-10-06 Lyon-Nantes,Nantes,Alban Lafont,False,Goalkeeper,1,start,end,1.0,0.0,0.0,0.0,0.0,0.0,0.0,2.0,5.0,17.0,0.0,0.0,0.0,0.0,
FRA-Ligue 1,2425,2024-10-06 Nice-Paris Saint-Germain,Nice,Marcin Bulka,True,Goalkeeper,1,start,end,1.0,0.0,0.0,0.0,0.0,0.0,0.0,1.0,7.0,18.0,0.0,0.0,0.0,0.0,
FRA-Ligue 1,2425,2024-10-06 Nice-Paris Saint-Germain,Paris Saint-Germain,Gianluigi Donnarumma,False,Goalkeeper,1,start,end,1.0,0.0,0.0,0.0,0.0,0.0,0.0,1.0,2.0,8.0,0.0,0.0,0.0,0.0,
FRA-Ligue 1,2425,2024-10-06 Stade de Reims-Montpellier,Montpellier,Dimitry Bertaud,False,Goalkeeper,1,start,end,1.0,0.0,0.0,0.0,0.0,0.0,0.0,4.0,1.0,14.0,0.0,0.0,0.0,0.0,
FRA-Ligue 1,2425,2024-10-06 Stade de Reims-Montpellier,Stade de Reims,Yehvann Diouf,True,Goalkeeper,1,start,end,1.0,0.0,0.0,0.0,0.0,0.0,0.0,2.0,1.0,8.0,0.0,0.0,0.0,0.0,
FRA-Ligue 1,2425,2024-10-06 Strasbourg-Lens,Lens,Brice Samba,False,Goalkeeper,1,start,end,1.0,0.0,0.0,0.0,0.0,0.0,0.0,2.0,3.0,7.0,0.0,0.0,0.0,0.0,
FRA-Ligue 1,2425,2024-10-06 Strasbourg-Lens,Strasbourg,Djordje Petrovic,True,Goalkeeper,1,start,end,1.0,0.0,0.0,0.0,0.0,0.0,0.0,2.0,3.0,9.0,0.0,0.0,0.0,0.0,
FRA-Ligue 1,2425,2024-10-18 AS Monaco-Lille,AS Monaco,Radoslaw Majecki,True,Goalkeeper,1,start,end,1.0,0.0,0.0,0.0,0.0,0.0,0.0,0.0,1.0,3.0,0.0,0.0,0.0,0.0,
FRA-Ligue 1,2425,2024-10-18 AS Monaco-Lille,Lille,Lucas Chevalier,False,Goalkeeper,1,start,end,1.0,0.0,1.0,0.0,0.0,0.0,0.0,0.0,4.0,14.0,0.0,0.0,0.0,0.0,
FRA-Ligue 1,2425,2024-10-19 Brest-Stade Rennais,Brest,Marco Bizot,True,Goalkeeper,1,start,end,1.0,0.0,0.0,0.0,0.0,0.0,0.0,1.0,3.0,5.0,0.0,0.0,0.0,0.0,
FRA-Ligue 1,2425,2024-10-19 Brest-Stade Rennais,Stade Rennais,Steve Mandanda,False,Goalkeeper,1,start,end,1.0,0.0,0.0,0.0,0.0,0.0,0.0,1.0,1.0,10.0,0.0,0.0,0.0,0.0,
FRA-Ligue 1,2425,2024-10-19 Paris Saint-Germain-Strasbourg,Paris Saint-Germain,Gianluigi Donnarumma,True,Goalkeeper,1,start,end,1.0,0.0,0.0,0.0,0.0,0.0,0.0,2.0,5.0,14.0,0.0,0.0,0.0,0.0,
FRA-Ligue 1,2425,2024-10-19 Paris Saint-Germain-Strasbourg,Strasbourg,Djordje Petrovic,False,Goalkeeper,1,start,end,1.0,0.0,0.0,0.0,0.0,0.0,0.0,4.0,6.0,14.0,0.0,0.0,0.0,0.0,
FRA-Ligue 1,2425,2024-10-19 Saint-Étienne-Lens,Lens,Brice Samba,False,Goalkeeper,1,start,end,1.0,0.0,0.0,0.0,0.0,0.0,0.0,0.0,1.0,15.0,0.0,0.0,0.0,0.0,
FRA-Ligue 1,2425,2024-10-19 Saint-Étienne-Lens,Saint-Étienne,Gautier Larsonneur,True,Goalkeeper,1,start,end,1.0,0.0,0.0,0.0,0.0,0.0,0.0,2.0,4.0,11.0,0.0,0.0,0.0,0.0,
FRA-Ligue 1,2425,2024-10-20 AJ Auxerre-Stade de Reims,AJ Auxerre,Donovan Léon,True,Goalkeeper,1,start,end,1.0,0.0,0.0,0.0,0.0,0.0,0.0,1.0,2.0,14.0,0.0,0.0,0.0,0.0,
FRA-Ligue 1,2425,2024-10-20 AJ Auxerre-Stade de Reims,Stade de Reims,Yehvann Diouf,False,Goalkeeper,1,start,end,1.0,0.0,0.0,0.0,0.0,0.0,0.0,2.0,5.0,8.0,0.0,0.0,0.0,0.0,
FRA-Ligue 1,2425,2024-10-20 Le Havre AC-Lyon,Le Havre AC,Arthur Desmas,True,Goalkeeper,1,start,end,1.0,0.0,1.0,0.0,0.0,0.0,0.0,4.0,4.0,10.0,0.0,0.0,0.0,0.0,
FRA-Ligue 1,2425,2024-10-20 Le Havre AC-Lyon,Lyon,Lucas Perri,False,Goalkeeper,1,start,end,1.0,0.0,0.0,0.0,0.0,0.0,0.0,0.0,1.0,6.0,0.0,0.0,0.0,0.0,
FRA-Ligue 1,2425,2024-10-20 Montpellier-Marseille,Marseille,Gerónimo Rulli,False,Goalkeeper,1,start,end,1.0,0.0,0.0,0.0,0.0,0.0,0.0,0.0,5.0,13.0,0.0,0.0,0.0,0.0,
FRA-Ligue 1,2425,2024-10-20 Montpellier-Marseille,Montpellier,Benjamin Lecomte,True,Goalkeeper,1,start,end,1.0,0.0,0.0,0.0,0.0,0.0,0.0,5.0,6.0,16.0,0.0,0.0,0.0,0.0,
FRA-Ligue 1,2425,2024-10-20 Nantes-Nice,Nantes,Alban Lafont,True,Goalkeeper,1,start,end,1.0,0.0,0.0,0.0,0.0,0.0,0.0,1.0,6.0,12.0,0.0,0.0,0.0,0.0,
FRA-Ligue 1,2425,2024-10-20 Nantes-Nice,Nice,Marcin Bulka,False,Goalkeeper,1,start,end,1.0,0.0,0.0,0.0,0.0,0.0,0.0,1.0,6.0,10.0,0.0,0.0,0.0,0.0,
FRA-Ligue 1,2425,2024-10-20 Toulouse-Angers,Angers,Yahia Fofana,False,Goalkeeper,1,start,end,1.0,0.0,1.0,0.0,0.0,0.0,1.0,1.0,5.0,18.0,0.0,0.0,0.0,0.0,
FRA-Ligue 1,2425,2024-10-20 Toulouse-Angers,Toulouse,Guillaume Restes,True,Goalkeeper,1,start,end,1.0,0.0,0.0,0.0,0.0,0.0,0.0,1.0,2.0,6.0,0.0,0.0,0.0,0.0,
FRA-Ligue 1,2425,2024-10-25 Stade Rennais-Le Havre AC,Le Havre AC,Arthur Desmas,False,Goalkeeper,1,start,end,1.0,0.0,0.0,0.0,0.0,0.0,0.0,1.0,4.0,19.0,0.0,0.0,0.0,0.0,
FRA-Ligue 1,2425,2024-10-25 Stade Rennais-Le Havre AC,Stade Rennais,Steve Mandanda,True,Goalkeeper,1,start,end,1.0,0.0,0.0,0.0,0.0,0.0,0.0,0.0,1.0,5.0,0.0,0.0,0.0,0.0,
FRA-Ligue 1,2425,2024-10-26 Angers-Saint-Étienne,Angers,Yahia Fofana,True,Goalkeeper,1,start,end,1.0,0.0,0.0,0.0,0.0,0.0,0.0,2.0,5.0,18.0,0.0,0.0,0.0,0.0,
FRA-Ligue 1,2425,2024-10-26 Angers-Saint-Étienne,Saint-Étienne,Gautier Larsonneur,False,Goalkeeper,1,start,end,1.0,0.0,0.0,0.0,0.0,0.0,0.0,4.0,4.0,8.0,0.0,0.0,0.0,0.0,
FRA-Ligue 1,2425,2024-10-26 Lens-Lille,Lens,Brice Samba,True,Goalkeeper,1,start,end,1.0,0.0,0.0,0.0,0.0,0.0,0.0,2.0,1.0,9.0,0.0,0.0,0.0,0.0,
FRA-Ligue 1,2425,2024-10-26 Lens-Lille,Lille,Lucas Chevalier,False,Goalkeeper,1,start,end,1.0,0.0,0.0,0.0,0.0,0.0,0.0,0.0,4.0,11.0,0.0,0.0,0.0,0.0,
FRA-Ligue 1,2425,2024-10-26 Stade de Reims-Brest,Brest,Marco Bizot,False,Goalkeeper,1,start,end,1.0,0.0,1.0,0.0,0.0,0.0,1.0,1.0,2.0,11.0,0.0,0.0,0.0,0.0,
FRA-Ligue 1,2425,2024-10-26 Stade de Reims-Brest,Stade de Reims,Yehvann Diouf,True,Goalkeeper,1,start,end,1.0,0.0,0.0,0.0,0.0,0.0,0.0,2.0,2.0,10.0,0.0,0.0,0.0,0.0,
FRA-Ligue 1,2425,2024-10-27 Lyon-AJ Auxerre,AJ Auxerre,Donovan Léon,False,Goalkeeper,1,start,end,1.0,0.0,0.0,0.0,0.0,0.0,1.0,2.0,8.0,10.0,0.0,0.0,0.0,0.0,
FRA-Ligue 1,2425,2024-10-27 Lyon-AJ Auxerre,Lyon,Lucas Perri,True,Goalkeeper,1,start,end,1.0,0.0,0.0,0.0,0.0,0.0,0.0,2.0,3.0,17.0,0.0,0.0,0.0,0.0,
FRA-Ligue 1,2425,2024-10-27 Marseille-Paris Saint-Germain,Marseille,Gerónimo Rulli,True,Goalkeeper,1,start,end,1.0,0.0,0.0,0.0,0.0,0.0,0.0,3.0,6.0,17.0,0.0,0.0,0.0,0.0,
FRA-Ligue 1,2425,2024-10-27 Marseille-Paris Saint-Germain,Paris Saint-Germain,Gianluigi Donnarumma,False,Goalkeeper,1,start,end,1.0,0.0,0.0,0.0,0.0,0.0,0.0,0.0,1.0,5.0,0.0,0.0,0.0,0.0,
FRA-Ligue 1,2425,2024-10-27 Montpellier-Toulouse,Montpellier,Benjamin Lecomte,True,Goalkeeper,1,start,end,1.0,0.0,0.0,0.0,0.0,0.0,0.0,3.0,3.0,12.0,0.0,0.0,0.0,0.0,
FRA-Ligue 1,2425,2024-10-27 Montpellier-Toulouse,Toulouse,Guillaume Restes,False,Goalkeeper,1,start,end,1.0,0.0,0.0,0.0,0.0,0.0,0.0,0.0,2.0,9.0,0.0,0.0,0.0,0.0,
FRA-Ligue 1,2425,2024-10-27 Nice-AS Monaco,AS Monaco,Radoslaw Majecki,False,Goalkeeper,1,start,end,1.0,0.0,0.0,0.0,0.0,0.0,0.0,2.0,7.0,15.0,0.0,0.0,0.0,0.0,
FRA-Ligue 1,2425,2024-10-27 Nice-AS Monaco,Nice,Marcin Bulka,True,Goalkeeper,1,start,end,1.0,0.0,0.0,0.0,0.0,0.0,0.0,1.0,4.0,9.0,0.0,0.0,0.0,0.0,
FRA-Ligue 1,2425,2024-10-27 Strasbourg-Nantes,Nantes,Alban Lafont,False,Goalkeeper,1,start,end,1.0,0.0,0.0,0.0,0.0,0.0,0.0,3.0,2.0,6.0,0.0,0.0,0.0,0.0,
FRA-Ligue 1,2425,2024-10-27 Strasbourg-Nantes,Strasbourg,Djordje Petrovic,True,Goalkeeper,1,start,end,1.0,0.0,0.0,0.0,0.0,0.0,0.0,1.0,5.0,7.0,0.0,0.0,0.0,0.0,
FRA-Ligue 1,2425,2024-11-01 AS Monaco-Angers,AS Monaco,Radoslaw Majecki,True,Goalkeeper,1,start,end,1.0,0.0,0.0,0.0,0.0,0.0,0.0,1.0,2.0,9.0,0.0,0.0,0.0,0.0,
FRA-Ligue 1,2425,2024-11-01 AS Monaco-Angers,Angers,Yahia Fofana,False,Goalkeeper,1,start,end,1.0,0.0,1.0,0.0,0.0,0.0,0.0,0.0,3.0,10.0,0.0,0.0,0.0,0.0,
FRA-Ligue 1,2425,2024-11-01 Lille-Lyon,Lille,Lucas Chevalier,True,Goalkeeper,1,start,end,1.0,0.0,0.0,0.0,0.0,0.0,0.0,1.0,2.0,13.0,0.0,0.0,0.0,0.0,
FRA-Ligue 1,2425,2024-11-01 Lille-Lyon,Lyon,Lucas Perri,False,Goalkeeper,1,start,end,1.0,0.0,1.0,0.0,0.0,0.0,0.0,1.0,1.0,13.0,0.0,0.0,0.0,0.0,
FRA-Ligue 1,2425,2024-11-02 Brest-Nice,Brest,Marco Bizot,True,Goalkeeper,1,start,end,1.0,0.0,0.0,0.0,0.0,0.0,0.0,1.0,2.0,11.0,0.0,0.0,0.0,0.0,
FRA-Ligue 1,2425,2024-11-02 Brest-Nice,Nice,Marcin Bulka,False,Goalkeeper,1,start,end,1.0,0.0,1.0,0.0,0.0,0.0,0.0,0.0,7.0,16.0,0.0,0.0,0.0,0.0,
FRA-Ligue 1,2425,2024-11-02 Paris Saint-Germain-Lens,Lens,Brice Samba,False,Goalkeeper,1,start,end,1.0,0.0,0.0,0.0,0.0,0.0,0.0,1.0,7.0,16.0,0.0,0.0,0.0,0.0,
FRA-Ligue 1,2425,2024-11-02 Paris Saint-Germain-Lens,Paris Saint-Germain,Matvei Safonov,True,Goalkeeper,1,start,end,1.0,0.0,0.0,0.0,0.0,0.0,0.0,0.0,2.0,13.0,0.0,0.0,0.0,0.0,
FRA-Ligue 1,2425,2024-11-02 Saint-Étienne-Strasbourg,Saint-Étienne,Gautier Larsonneur,True,Goalkeeper,1,start,end,1.0,0.0,0.0,0.0,0.0,0.0,0.0,0.0,3.0,9.0,0.0,0.0,0.0,0.0,
FRA-Ligue 1,2425,2024-11-02 Saint-Étienne-Strasbourg,Strasbourg,Djordje Petrovic,False,Goalkeeper,1,start,end,1.0,0.0,0.0,0.0,0.0,0.0,0.0,2.0,1.0,11.0,0.0,0.0,0.0,0.0,
FRA-Ligue 1,2425,2024-11-03 AJ Auxerre-Stade Rennais,AJ Auxerre,Donovan Léon,True,Goalkeeper,1,start,end,1.0,0.0,0.0,0.0,0.0,0.0,0.0,0.0,4.0,7.0,0.0,0.0,0.0,0.0,
FRA-Ligue 1,2425,2024-11-03 AJ Auxerre-Stade Rennais,Stade Rennais,Steve Mandanda,False,Goalkeeper,1,start,end,1.0,0.0,0.0,0.0,0.0,0.0,0.0,4.0,4.0,12.0,0.0,0.0,0.0,0.0,
FRA-Ligue 1,2425,2024-11-03 Le Havre AC-Montpellier,Le Havre AC,Arthur Desmas,True,Goalkeeper,1,start,end,1.0,0.0,0.0,0.0,0.0,0.0,0.0,0.0,1.0,16.0,0.0,0.0,0.0,0.0,
FRA-Ligue 1,2425,2024-11-03 Le Havre AC-Montpellier,Montpellier,Benjamin Lecomte,False,Goalkeeper,1,start,end,1.0,0.0,0.0,0.0,0.0,0.0,0.0,1.0,3.0,12.0,0.0,0.0,0.0,0.0,
FRA-Ligue 1,2425,2024-11-03 Nantes-Marseille,Marseille,Gerónimo Rulli,False,Goalkeeper,1,start,end,1.0,0.0,1.0,0.0,0.0,0.0,0.0,1.0,2.0,5.0,0.0,0.0,0.0,0.0,
FRA-Ligue 1,2425,2024-11-03 Nantes-Marseille,Nantes,Alban Lafont,True,Goalkeeper,1,start,end,1.0,0.0,0.0,0.0,0.0,0.0,0.0,2.0,2.0,8.0,0.0,0.0,0.0,0.0,
FRA-Ligue 1,2425,2024-11-03 Toulouse-Stade de Reims,Stade de Reims,Yehvann Diouf,False,Goalkeeper,1,start,end,1.0,0.0,0.0,0.0,0.0,0.0,0.0,1.0,4.0,11.0,0.0,0.0,0.0,0.0,
FRA-Ligue 1,2425,2024-11-03 Toulouse-Stade de Reims,Toulouse,Guillaume Restes,True,Goalkeeper,1,start,end,1.0,0.0,1.0,0.0,0.0,0.0,0.0,0.0,2.0,11.0,0.0,0.0,0.0,0.0,
FRA-Ligue 1,2425,2024-11-08 Marseille-AJ Auxerre,AJ Auxerre,Donovan Léon,False,Goalkeeper,1,start,end,1.0,0.0,0.0,0.0,0.0,0.0,1.0,1.0,5.0,16.0,1.0,0.0,0.0,0.0,
FRA-Ligue 1,2425,2024-11-08 Marseille-AJ Auxerre,Marseille,Gerónimo Rulli,True,Goalkeeper,1,start,end,1.0,0.0,0.0,0.0,0.0,0.0,0.0,3.0,3.0,7.0,0.0,0.0,0.0,0.0,
FRA-Ligue 1,2425,2024-11-09 Angers-Paris Saint-Germain,Angers,Yahia Fofana,True,Goalkeeper,1,start,end,1.0,0.0,0.0,0.0,0.0,0.0,0.0,4.0,8.0,23.0,0.0,0.0,0.0,0.0,
FRA-Ligue 1,2425,2024-11-09 Angers-Paris Saint-Germain,Paris Saint-Germain,Gianluigi Donnarumma,False,Goalkeeper,1,start,end,1.0,0.0,0.0,0.0,0.0,0.0,0.0,2.0,2.0,8.0,0.0,0.0,0.0,0.0,
FRA-Ligue 1,2425,2024-11-09 Lens-Nantes,Lens,Brice Samba,True,Goalkeeper,1,start,end,1.0,0.0,0.0,0.0,0.0,0.0,0.0,2.0,1.0,6.0,0.0,0.0,0.0,0.0,
FRA-Ligue 1,2425,2024-11-09 Lens-Nantes,Nantes,Alban Lafont,False,Goalkeeper,1,start,end,1.0,0.0,0.0,0.0,0.0,0.0,0.0,3.0,0.0,12.0,0.0,0.0,0.0,0.0,
FRA-Ligue 1,2425,2024-11-09 Strasbourg-AS Monaco,AS Monaco,Radoslaw Majecki,False,Goalkeeper,1,start,end,1.0,0.0,1.0,0.0,0.0,0.0,0.0,1.0,1.0,4.0,0.0,0.0,0.0,0.0,
FRA-Ligue 1,2425,2024-11-09 Strasbourg-AS Monaco,Strasbourg,Djordje Petrovic,True,Goalkeeper,1,start,end,1.0,0.0,0.0,0.0,0.0,0.0,1.0,3.0,5.0,15.0,0.0,0.0,0.0,0.0,
FRA-Ligue 1,2425,2024-11-10 Le Havre AC-Stade de Reims,Le Havre AC,Arthur Desmas,True,Goalkeeper,1,start,end,1.0,0.0,0.0,0.0,0.0,0.0,0.0,3.0,4.0,15.0,0.0,0.0,0.0,0.0,
FRA-Ligue 1,2425,2024-11-10 Le Havre AC-Stade de Reims,Stade de Reims,Yehvann Diouf,False,Goalkeeper,1,start,end,1.0,0.0,0.0,0.0,0.0,0.0,0.0,0.0,4.0,10.0,0.0,0.0,0.0,0.0,
FRA-Ligue 1,2425,2024-11-10 Lyon-Saint-Étienne,Lyon,Lucas Perri,True,Goalkeeper,1,start,end,1.0,0.0,0.0,0.0,0.0,0.0,1.0,0.0,6.0,10.0,0.0,0.0,0.0,0.0,
FRA-Ligue 1,2425,2024-11-10 Lyon-Saint-Étienne,Saint-Étienne,Gautier Larsonneur,False,Goalkeeper,1,start,end,1.0,0.0,0.0,0.0,0.0,0.0,0.0,1.0,6.0,14.0,0.0,0.0,0.0,0.0,
FRA-Ligue 1,2425,2024-11-10 Montpellier-Brest,Brest,Marco Bizot,False,Goalkeeper,1,start,end,1.0,0.0,0.0,0.0,0.0,0.0,0.0,3.0,4.0,9.0,0.0,0.0,0.0,0.0,
FRA-Ligue 1,2425,2024-11-10 Montpellier-Brest,Montpellier,Benjamin Lecomte,True,Goalkeeper,1,start,end,1.0,0.0,0.0,0.0,0.0,0.0,0.0,1.0,5.0,18.0,0.0,0.0,0.0,0.0,
FRA-Ligue 1,2425,2024-11-10 Nice-Lille,Lille,Lucas Chevalier,False,Goalkeeper,1,start,end,1.0,0.0,0.0,0.0,0.0,0.0,0.0,2.0,4.0,15.0,0.0,0.0,0.0,0.0,
FRA-Ligue 1,2425,2024-11-10 Nice-Lille,Nice,Marcin Bulka,True,Goalkeeper,1,start,end,1.0,0.0,0.0,0.0,0.0,0.0,0.0,2.0,4.0,11.0,0.0,0.0,0.0,0.0,
FRA-Ligue 1,2425,2024-11-10 Stade Rennais-Toulouse,Stade Rennais,Steve Mandanda,True,Goalkeeper,1,start,45,1.0,0.0,0.0,0.0,0.0,0.0,0.0,2.0,0.0,6.0,0.0,0.0,0.0,0.0,
FRA-Ligue 1,2425,2024-11-10 Stade Rennais-Toulouse,Toulouse,Guillaume Restes,False,Goalkeeper,1,start,end,1.0,0.0,0.0,0.0,0.0,0.0,0.0,0.0,1.0,7.0,0.0,0.0,0.0,0.0,
FRA-Ligue 1,2425,2024-11-22 AS Monaco-Brest,AS Monaco,Radoslaw Majecki,True,Goalkeeper,1,start,end,1.0,0.0,0.0,0.0,0.0,0.0,1.0,2.0,2.0,11.0,0.0,0.0,0.0,0.0,
FRA-Ligue 1,2425,2024-11-22 AS Monaco-Brest,Brest,Marco Bizot,False,Goalkeeper,1,start,end,1.0,0.0,0.0,0.0,0.0,0.0,0.0,3.0,1.0,7.0,0.0,0.0,0.0,0.0,
FRA-Ligue 1,2425,2024-11-22 Paris Saint-Germain-Toulouse,Paris Saint-Germain,Matvei Safonov,True,Goalkeeper,1,start,end,1.0,0.0,0.0,0.0,0.0,0.0,0.0,0.0,2.0,11.0,0.0,0.0,0.0,0.0,
FRA-Ligue 1,2425,2024-11-22 Paris Saint-Germain-Toulouse,Toulouse,Guillaume Restes,False,Goalkeeper,1,start,end,1.0,0.0,0.0,0.0,0.0,0.0,0.0,3.0,5.0,14.0,0.0,0.0,0.0,0.0,
FRA-Ligue 1,2425,2024-11-23 Lens-Marseille,Lens,Brice Samba,True,Goalkeeper,1,start,end,1.0,0.0,0.0,0.0,0.0,0.0,0.0,3.0,1.0,7.0,0.0,0.0,0.0,0.0,
FRA-Ligue 1,2425,2024-11-23 Lens-Marseille,Marseille,Gerónimo Rulli,False,Goalkeeper,1,start,end,1.0,0.0,0.0,0.0,0.0,0.0,0.0,1.0,7.0,15.0,0.0,0.0,0.0,0.0,
FRA-Ligue 1,2425,2024-11-23 Saint-Étienne-Montpellier,Montpellier,Benjamin Lecomte,False,Goalkeeper,1,start,end,1.0,0.0,0.0,0.0,0.0,0.0,0.0,1.0,3.0,10.0,0.0,0.0,0.0,0.0,
FRA-Ligue 1,2425,2024-11-23 Saint-Étienne-Montpellier,Saint-Étienne,Gautier Larsonneur,True,Goalkeeper,1,start,end,1.0,0.0,1.0,0.0,0.0,0.0,0.0,0.0,3.0,11.0,0.0,0.0,0.0,0.0,
FRA-Ligue 1,2425,2024-11-23 Stade de Reims-Lyon,Lyon,Lucas Perri,False,Goalkeeper,1,start,end,1.0,0.0,0.0,0.0,0.0,0.0,0.0,1.0,5.0,13.0,0.0,0.0,0.0,0.0,
FRA-Ligue 1,2425,2024-11-23 Stade de Reims-Lyon,Stade de Reims,Yehvann Diouf,True,Goalkeeper,1,start,end,1.0,0.0,1.0,0.0,0.0,0.0,0.0,1.0,6.0,12.0,0.0,0.0,0.0,0.0,
FRA-Ligue 1,2425,2024-11-24 AJ Auxerre-Angers,AJ Auxerre,Donovan Léon,True,Goalkeeper,1,start,end,1.0,0.0,0.0,0.0,0.0,0.0,0.0,0.0,5.0,10.0,0.0,0.0,0.0,0.0,
FRA-Ligue 1,2425,2024-11-24 AJ Auxerre-Angers,Angers,Yahia Fofana,False,Goalkeeper,1,start,end,1.0,0.0,0.0,0.0,0.0,0.0,0.0,1.0,5.0,9.0,0.0,0.0,0.0,0.0,
FRA-Ligue 1,2425,2024-11-24 Lille-Stade Rennais,Lille,Lucas Chevalier,True,Goalkeeper,1,start,end,1.0,0.0,0.0,0.0,0.0,0.0,0.0,0.0,1.0,4.0,0.0,0.0,0.0,0.0,
FRA-Ligue 1,2425,2024-11-24 Lille-Stade Rennais,Stade Rennais,Steve Mandanda,False,Goalkeeper,1,start,end,1.0,0.0,0.0,0.0,0.0,0.0,0.0,1.0,1.0,4.0,0.0,0.0,0.0,0.0,
FRA-Ligue 1,2425,2024-11-24 Nantes-Le Havre AC,Le Havre AC,Arthur Desmas,False,Goalkeeper,1,start,end,1.0,0.0,0.0,0.0,0.0,0.0,1.0,0.0,4.0,16.0,0.0,0.0,0.0,0.0,
FRA-Ligue 1,2425,2024-11-24 Nantes-Le Havre AC,Nantes,Alban Lafont,True,Goalkeeper,1,start,end,1.0,0.0,0.0,0.0,0.0,0.0,0.0,2.0,2.0,6.0,0.0,0.0,0.0,0.0,
FRA-Ligue 1,2425,2024-11-24 Nice-Strasbourg,Nice,Marcin Bulka,True,Goalkeeper,1,start,end,1.0,0.0,1.0,0.0,0.0,0.0,0.0,1.0,2.0,9.0,0.0,0.0,0.0,0.0,
FRA-Ligue 1,2425,2024-11-24 Nice-Strasbourg,Strasbourg,Djordje Petrovic,False,Goalkeeper,1,start,end,1.0,0.0,1.0,0.0,0.0,0.0,0.0,2.0,4.0,14.0,0.0,0.0,0.0,0.0,
FRA-Ligue 1,2425,2024-11-29 Stade de Reims-Lens,Lens,Brice Samba,False,Goalkeeper,1,start,end,1.0,0.0,0.0,0.0,0.0,0.0,0.0,0.0,3.0,16.0,0.0,0.0,0.0,0.0,
FRA-Ligue 1,2425,2024-11-29 Stade de Reims-Lens,Stade de Reims,Yehvann Diouf,True,Goalkeeper,1,start,end,1.0,0.0,0.0,0.0,0.0,0.0,0.0,2.0,4.0,9.0,0.0,0.0,0.0,0.0,
FRA-Ligue 1,2425,2024-11-30 Brest-Strasbourg,Brest,Marco Bizot,True,Goalkeeper,1,start,end,1.0,0.0,0.0,0.0,0.0,0.0,0.0,1.0,3.0,11.0,0.0,0.0,0.0,0.0,
FRA-Ligue 1,2425,2024-11-30 Brest-Strasbourg,Strasbourg,Djordje Petrovic,False,Goalkeeper,1,start,end,1.0,0.0,0.0,0.0,0.0,0.0,0.0,3.0,4.0,7.0,0.0,0.0,0.0,0.0,
FRA-Ligue 1,2425,2024-11-30 Paris Saint-Germain-Nantes,Nantes,Patrick Carlgren,False,Goalkeeper,1,start,end,1.0,0.0,0.0,0.0,0.0,0.0,0.0,1.0,9.0,23.0,0.0,0.0,0.0,0.0,
FRA-Ligue 1,2425,2024-11-30 Paris Saint-Germain-Nantes,Paris Saint-Germain,Gianluigi Donnarumma,True,Goalkeeper,1,start,end,1.0,0.0,0.0,0.0,0.0,0.0,0.0,1.0,1.0,4.0,0.0,0.0,0.0,0.0,
FRA-Ligue 1,2425,2024-11-30 Stade Rennais-Saint-Étienne,Saint-Étienne,Gautier Larsonneur,False,Goalkeeper,1,start,end,1.0,0.0,1.0,0.0,0.0,0.0,1.0,5.0,5.0,14.0,0.0,0.0,0.0,0.0,
FRA-Ligue 1,2425,2024-11-30 Stade Rennais-Saint-Étienne,Stade Rennais,Steve Mandanda,True,Goalkeeper,1,start,end,1.0,0.0,0.0,0.0,0.0,0.0,0.0,0.0,0.0,2.0,0.0,0.0,0.0,0.0,
FRA-Ligue 1,2425,2024-12-01 Le Havre AC-Angers,Angers,Yahia Fofana,False,Goalkeeper,1,start,end,1.0,0.0,0.0,0.0,0.0,0.0,0.0,0.0,1.0,5.0,0.0,0.0,0.0,0.0,
FRA-Ligue 1,2425,2024-12-01 Le Havre AC-Angers,Le Havre AC,Arthur Desmas,True,Goalkeeper,1,start,end,1.0,0.0,1.0,0.0,0.0,0.0,0.0,1.0,2.0,13.0,0.0,0.0,0.0,0.0,
FRA-Ligue 1,2425,2024-12-01 Lyon-Nice,Lyon,Lucas Perri,True,Goalkeeper,1,start,end,1.0,0.0,0.0,0.0,0.0,0.0,0.0,1.0,5.0,14.0,0.0,0.0,0.0,0.0,
FRA-Ligue 1,2425,2024-12-01 Lyon-Nice,Nice,Marcin Bulka,False,Goalkeeper,1,start,end,1.0,0.0,0.0,0.0,0.0,0.0,0.0,4.0,4.0,12.0,0.0,0.0,0.0,0.0,
FRA-Ligue 1,2425,2024-12-01 Marseille-AS Monaco,AS Monaco,Radoslaw Majecki,False,Goalkeeper,1,start,end,1.0,0.0,0.0,0.0,0.0,0.0,0.0,2.0,2.0,7.0,0.0,0.0,0.0,0.0,
FRA-Ligue 1,2425,2024-12-01 Marseille-AS Monaco,Marseille,Gerónimo Rulli,True,Goalkeeper,1,start,end,1.0,0.0,0.0,0.0,0.0,0.0,0.0,1.0,3.0,5.0,0.0,0.0,0.0,0.0,
FRA-Ligue 1,2425,2024-12-01 Montpellier-Lille,Lille,Lucas Chevalier,False,Goalkeeper,1,start,end,1.0,0.0,0.0,0.0,0.0,0.0,0.0,2.0,3.0,8.0,0.0,0.0,0.0,0.0,
FRA-Ligue 1,2425,2024-12-01 Montpellier-Lille,Montpellier,Benjamin Lecomte,True,Goalkeeper,1,start,end,1.0,0.0,1.0,0.0,0.0,0.0,0.0,2.0,2.0,11.0,0.0,0.0,0.0,0.0,
FRA-Ligue 1,2425,2024-12-01 Toulouse-AJ Auxerre,AJ Auxerre,Donovan Léon,False,Goalkeeper,1,start,end,1.0,0.0,0.0,0.0,0.0,0.0,0.0,2.0,4.0,11.0,0.0,0.0,0.0,0.0,
FRA-Ligue 1,2425,2024-12-01 Toulouse-AJ Auxerre,Toulouse,Guillaume Restes,True,Goalkeeper,1,start,72,1.0,0.0,0.0,0.0,0.0,0.0,0.0,0.0,0.0,2.0,0.0,0.0,0.0,0.0,
FRA-Ligue 1,2425,2024-12-06 AJ Auxerre-Paris Saint-Germain,AJ Auxerre,Donovan Léon,True,Goalkeeper,1,start,end,1.0,0.0,0.0,0.0,0.0,0.0,0.0,0.0,12.0,24.0,0.0,0.0,0.0,0.0,
FRA-Ligue 1,2425,2024-12-06 AJ Auxerre-Paris Saint-Germain,Paris Saint-Germain,Gianluigi Donnarumma,False,Goalkeeper,1,start,end,1.0,0.0,1.0,0.0,0.0,0.0,0.0,0.0,2.0,6.0,0.0,0.0,0.0,0.0,
FRA-Ligue 1,2425,2024-12-06 Lille-Brest,Brest,Marco Bizot,False,Goalkeeper,1,start,end,1.0,0.0,0.0,0.0,0.0,0.0,0.0,3.0,3.0,7.0,0.0,0.0,0.0,0.0,
FRA-Ligue 1,2425,2024-12-06 Lille-Brest,Lille,Lucas Chevalier,True,Goalkeeper,1,start,end,1.0,0.0,0.0,0.0,0.0,0.0,0.0,1.0,2.0,5.0,0.0,0.0,0.0,0.0,
FRA-Ligue 1,2425,2024-12-07 AS Monaco-Toulouse,AS Monaco,Radoslaw Majecki,True,Goalkeeper,1,start,end,1.0,0.0,0.0,0.0,0.0,0.0,0.0,0.0,3.0,5.0,0.0,0.0,0.0,0.0,
FRA-Ligue 1,2425,2024-12-07 AS Monaco-Toulouse,Toulouse,Guillaume Restes,False,Goalkeeper,1,start,end,1.0,0.0,0.0,0.0,0.0,0.0,0.0,2.0,3.0,17.0,0.0,0.0,0.0,0.0,
FRA-Ligue 1,2425,2024-12-07 Angers-Lyon,Angers,Yahia Fofana,True,Goalkeeper,1,start,end,1.0,0.0,0.0,0.0,0.0,0.0,0.0,3.0,7.0,12.0,0.0,0.0,0.0,0.0,
FRA-Ligue 1,2425,2024-12-07 Angers-Lyon,Lyon,Lucas Perri,False,Goalkeeper,1,start,end,1.0,0.0,0.0,0.0,0.0,0.0,0.0,0.0,2.0,8.0,0.0,0.0,0.0,0.0,
FRA-Ligue 1,2425,2024-12-07 Nice-Le Havre AC,Le Havre AC,Arthur Desmas,False,Goalkeeper,1,start,end,1.0,0.0,0.0,0.0,0.0,0.0,0.0,2.0,3.0,15.0,0.0,0.0,0.0,0.0,
FRA-Ligue 1,2425,2024-12-07 Nice-Le Havre AC,Nice,Marcin Bulka,True,Goalkeeper,1,start,end,1.0,0.0,0.0,0.0,0.0,0.0,0.0,1.0,0.0,12.0,0.0,0.0,0.0,0.0,
FRA-Ligue 1,2425,2024-12-08 Lens-Montpellier,Lens,Brice Samba,True,Goalkeeper,1,start,end,1.0,0.0,0.0,0.0,0.0,0.0,1.0,0.0,3.0,5.0,0.0,0.0,0.0,0.0,
FRA-Ligue 1,2425,2024-12-08 Lens-Montpellier,Montpellier,Benjamin Lecomte,False,Goalkeeper,1,start,end,1.0,0.0,0.0,0.0,0.0,0.0,0.0,2.0,2.0,15.0,0.0,0.0,0.0,0.0,
FRA-Ligue 1,2425,2024-12-08 Nantes-Stade Rennais,Nantes,Patrick Carlgren,True,Goalkeeper,1,start,end,1.0,0.0,0.0,0.0,0.0,0.0,0.0,0.0,3.0,5.0,0.0,0.0,0.0,0.0,
FRA-Ligue 1,2425,2024-12-08 Nantes-Stade Rennais,Stade Rennais,Steve Mandanda,False,Goalkeeper,1,start,end,1.0,0.0,0.0,0.0,0.0,0.0,0.0,1.0,1.0,12.0,0.0,0.0,0.0,0.0,
FRA-Ligue 1,2425,2024-12-08 Saint-Étienne-Marseille,Marseille,Gerónimo Rulli,False,Goalkeeper,1,start,end,1.0,0.0,0.0,0.0,0.0,0.0,0.0,0.0,2.0,3.0,0.0,0.0,0.0,0.0,
FRA-Ligue 1,2425,2024-12-08 Saint-Étienne-Marseille,Saint-Étienne,Gautier Larsonneur,True,Goalkeeper,1,start,end,1.0,0.0,1.0,0.0,0.0,0.0,0.0,2.0,8.0,18.0,0.0,0.0,0.0,0.0,
FRA-Ligue 1,2425,2024-12-08 Strasbourg-Stade de Reims,Stade de Reims,Yehvann Diouf,False,Goalkeeper,1,start,end,1.0,0.0,0.0,0.0,0.0,0.0,0.0,0.0,2.0,7.0,0.0,0.0,0.0,0.0,
FRA-Ligue 1,2425,2024-12-08 Strasbourg-Stade de Reims,Strasbourg,Djordje Petrovic,True,Goalkeeper,1,start,end,1.0,0.0,0.0,0.0,0.0,0.0,0.0,0.0,3.0,10.0,0.0,0.0,0.0,0.0,
FRA-Ligue 1,2425,2024-12-13 Toulouse-Saint-Étienne,Saint-Étienne,Gautier Larsonneur,False,Goalkeeper,1,start,end,1.0,0.0,2.0,0.0,0.0,0.0,0.0,2.0,2.0,9.0,0.0,0.0,0.0,0.0,
FRA-Ligue 1,2425,2024-12-13 Toulouse-Saint-Étienne,Toulouse,Guillaume Restes,True,Goalkeeper,1,start,end,1.0,0.0,0.0,0.0,0.0,0.0,0.0,1.0,1.0,2.0,0.0,0.0,0.0,0.0,
FRA-Ligue 1,2425,2024-12-14 AJ Auxerre-Lens,AJ Auxerre,Donovan Léon,True,Goalkeeper,1,start,end,1.0,0.0,0.0,0.0,0.0,0.0,0.0,2.0,3.0,14.0,0.0,0.0,0.0,0.0,
FRA-Ligue 1,2425,2024-12-14 AJ Auxerre-Lens,Lens,Brice Samba,False,Goalkeeper,1,start,end,1.0,0.0,1.0,0.0,0.0,0.0,0.0,2.0,1.0,8.0,0.0,0.0,0.0,0.0,
FRA-Ligue 1,2425,2024-12-14 Marseille-Lille,Lille,Lucas Chevalier,False,Goalkeeper,1,start,end,1.0,0.0,0.0,0.0,0.0,0.0,0.0,1.0,3.0,8.0,0.0,0.0,0.0,0.0,
FRA-Ligue 1,2425,2024-12-14 Marseille-Lille,Marseille,Gerónimo Rulli,True,Goalkeeper,1,start,end,1.0,0.0,0.0,0.0,0.0,0.0,0.0,1.0,5.0,9.0,0.0,0.0,0.0,0.0,
FRA-Ligue 1,2425,2024-12-14 Stade de Reims-AS Monaco,AS Monaco,Philipp Köhn,False,Goalkeeper,1,start,end,1.0,0.0,0.0,0.0,0.0,0.0,0.0,0.0,0.0,8.0,0.0,0.0,0.0,0.0,
FRA-Ligue 1,2425,2024-12-14 Stade de Reims-AS Monaco,Stade de Reims,Yehvann Diouf,True,Goalkeeper,1,start,end,1.0,0.0,0.0,0.0,0.0,0.0,1.0,0.0,4.0,14.0,0.0,0.0,0.0,0.0,
FRA-Ligue 1,2425,2024-12-15 Brest-Nantes,Brest,Grégoire Coudert,True,Goalkeeper,1,start,end,1.0,0.0,0.0,0.0,0.0,0.0,0.0,1.0,6.0,14.0,0.0,0.0,0.0,0.0,
FRA-Ligue 1,2425,2024-12-15 Brest-Nantes,Nantes,Patrick Carlgren,False,Goalkeeper,1,start,end,1.0,0.0,0.0,0.0,0.0,0.0,0.0,4.0,4.0,9.0,0.0,0.0,0.0,0.0,
FRA-Ligue 1,2425,2024-12-15 Le Havre AC-Strasbourg,Le Havre AC,Arthur Desmas,True,Goalkeeper,1,start,end,1.0,0.0,0.0,0.0,0.0,0.0,0.0,3.0,2.0,6.0,0.0,0.0,0.0,0.0,
FRA-Ligue 1,2425,2024-12-15 Le Havre AC-Strasbourg,Strasbourg,Djordje Petrovic,False,Goalkeeper,1,start,end,1.0,0.0,0.0,0.0,0.0,0.0,0.0,0.0,1.0,10.0,0.0,0.0,0.0,0.0,
FRA-Ligue 1,2425,2024-12-15 Montpellier-Nice,Montpellier,Benjamin Lecomte,True,Goalkeeper,1,start,end,1.0,0.0,0.0,0.0,0.0,0.0,0.0,2.0,4.0,15.0,0.0,0.0,0.0,0.0,
FRA-Ligue 1,2425,2024-12-15 Montpellier-Nice,Nice,Marcin Bulka,False,Goalkeeper,1,start,end,1.0,0.0,0.0,0.0,0.0,0.0,0.0,2.0,6.0,19.0,0.0,0.0,0.0,0.0,
FRA-Ligue 1,2425,2024-12-15 Paris Saint-Germain-Lyon,Lyon,Lucas Perri,False,Goalkeeper,1,start,end,1.0,0.0,0.0,0.0,0.0,0.0,0.0,3.0,3.0,10.0,0.0,0.0,0.0,0.0,
FRA-Ligue 1,2425,2024-12-15 Paris Saint-Germain-Lyon,Paris Saint-Germain,Gianluigi Donnarumma,True,Goalkeeper,1,start,end,1.0,0.0,0.0,0.0,0.0,0.0,1.0,1.0,2.0,6.0,0.0,0.0,0.0,0.0,
FRA-Ligue 1,2425,2024-12-15 Stade Rennais-Angers,Angers,Yahia Fofana,False,Goalkeeper,1,start,end,1.0,0.0,1.0,0.0,0.0,0.0,0.0,2.0,2.0,5.0,0.0,0.0,0.0,0.0,
FRA-Ligue 1,2425,2024-12-15 Stade Rennais-Angers,Stade Rennais,Steve Mandanda,True,Goalkeeper,1,start,end,1.0,0.0,0.0,0.0,0.0,0.0,0.0,0.0,0.0,3.0,0.0,0.0,0.0,0.0,
FRA-Ligue 1,2425,2024-12-18 AS Monaco-Paris Saint-Germain,AS Monaco,Philipp Köhn,True,Goalkeeper,1,start,end,1.0,0.0,0.0,0.0,0.0,0.0,0.0,4.0,8.0,13.0,0.0,0.0,0.0,0.0,
FRA-Ligue 1,2425,2024-12-18 AS Monaco-Paris Saint-Germain,Paris Saint-Germain,Gianluigi Donnarumma,False,Goalkeeper,1,start,22,1.0,0.0,1.0,0.0,0.0,0.0,0.0,0.0,2.0,5.0,0.0,0.0,0.0,0.0,
FRA-Ligue 1,2425,2025-01-03 Nice-Stade Rennais,Nice,Marcin Bulka,True,Goalkeeper,1,start,end,1.0,0.0,1.0,0.0,0.0,0.0,0.0,2.0,3.0,8.0,0.0,0.0,0.0,0.0,
FRA-Ligue 1,2425,2025-01-03 Nice-Stade Rennais,Stade Rennais,Steve Mandanda,False,Goalkeeper,1,start,end,1.0,0.0,1.0,0.0,0.0,0.0,0.0,3.0,3.0,6.0,0.0,0.0,0.0,0.0,
FRA-Ligue 1,2425,2025-01-04 Lille-Nantes,Lille,Lucas Chevalier,True,Goalkeeper,1,start,end,1.0,0.0,0.0,0.0,0.0,0.0,0.0,1.0,1.0,4.0,0.0,0.0,0.0,0.0,
FRA-Ligue 1,2425,2025-01-04 Lille-Nantes,Nantes,Anthony Lopes,False,Goalkeeper,1,start,end,1.0,0.0,0.0,0.0,0.0,0.0,0.0,1.0,3.0,13.0,0.0,0.0,0.0,0.0,
FRA-Ligue 1,2425,2025-01-04 Lyon-Montpellier,Lyon,Lucas Perri,True,Goalkeeper,1,start,end,1.0,0.0,0.0,0.0,0.0,0.0,0.0,0.0,6.0,16.0,0.0,0.0,0.0,0.0,
FRA-Ligue 1,2425,2025-01-04 Lyon-Montpellier,Montpellier,Benjamin Lecomte,False,Goalkeeper,1,start,end,1.0,0.0,0.0,0.0,0.0,0.0,0.0,1.0,2.0,11.0,0.0,0.0,0.0,0.0,
FRA-Ligue 1,2425,2025-01-04 Saint-Étienne-Stade de Reims,Saint-Étienne,Gautier Larsonneur,True,Goalkeeper,1,start,end,1.0,0.0,0.0,0.0,0.0,0.0,0.0,1.0,0.0,9.0,0.0,0.0,0.0,0.0,
FRA-Ligue 1,2425,2025-01-04 Saint-Étienne-Stade de Reims,Stade de Reims,Yehvann Diouf,False,Goalkeeper,1,start,end,1.0,0.0,0.0,0.0,0.0,0.0,0.0,3.0,1.0,11.0,0.0,0.0,0.0,0.0,
FRA-Ligue 1,2425,2025-01-05 Angers-Brest,Angers,Yahia Fofana,True,Goalkeeper,1,start,end,1.0,0.0,1.0,0.0,0.0,0.0,0.0,0.0,4.0,13.0,0.0,0.0,0.0,0.0,
FRA-Ligue 1,2425,2025-01-05 Angers-Brest,Brest,Marco Bizot,False,Goalkeeper,1,start,end,1.0,0.0,0.0,0.0,0.0,0.0,0.0,2.0,0.0,5.0,0.0,0.0,0.0,0.0,
FRA-Ligue 1,2425,2025-01-05 Lens-Toulouse,Lens,Hervé Koffi,True,Goalkeeper,1,start,end,1.0,0.0,0.0,0.0,0.0,0.0,1.0,1.0,3.0,7.0,0.0,0.0,0.0,0.0,
FRA-Ligue 1,2425,2025-01-05 Lens-Toulouse,Toulouse,Guillaume Restes,False,Goalkeeper,1,start,end,1.0,0.0,0.0,0.0,0.0,0.0,0.0,0.0,1.0,12.0,0.0,0.0,0.0,0.0,
FRA-Ligue 1,2425,2025-01-05 Marseille-Le Havre AC,Le Havre AC,Arthur Desmas,False,Goalkeeper,1,start,end,1.0,0.0,1.0,0.0,0.0,0.0,0.0,5.0,4.0,11.0,0.0,0.0,0.0,0.0,
FRA-Ligue 1,2425,2025-01-05 Marseille-Le Havre AC,Marseille,Gerónimo Rulli,True,Goalkeeper,1,start,end,1.0,0.0,0.0,0.0,0.0,0.0,0.0,1.0,0.0,3.0,0.0,0.0,0.0,0.0,
FRA-Ligue 1,2425,2025-01-05 Strasbourg-AJ Auxerre,AJ Auxerre,Théo De Percin,False,Goalkeeper,1,start,end,1.0,0.0,0.0,0.0,0.0,0.0,0.0,3.0,1.0,8.0,0.0,0.0,0.0,0.0,
FRA-Ligue 1,2425,2025-01-05 Strasbourg-AJ Auxerre,Strasbourg,Djordje Petrovic,True,Goalkeeper,1,start,end,1.0,0.0,0.0,0.0,0.0,0.0,0.0,1.0,6.0,12.0,0.0,0.0,0.0,0.0,
FRA-Ligue 1,2425,2025-01-10 AJ Auxerre-Lille,AJ Auxerre,Théo De Percin,True,Goalkeeper,1,start,end,1.0,0.0,0.0,0.0,0.0,0.0,0.0,0.0,4.0,12.0,0.0,0.0,0.0,0.0,
FRA-Ligue 1,2425,2025-01-10 AJ Auxerre-Lille,Lille,Lucas Chevalier,False,Goalkeeper,1,start,end,1.0,0.0,0.0,0.0,0.0,0.0,0.0,0.0,3.0,13.0,0.0,0.0,0.0,0.0,
FRA-Ligue 1,2425,2025-01-10 Nantes-AS Monaco,AS Monaco,Philipp Köhn,False,Goalkeeper,1,start,end,1.0,0.0,0.0,0.0,0.0,0.0,0.0,2.0,2.0,8.0,0.0,0.0,0.0,0.0,
FRA-Ligue 1,2425,2025-01-10 Nantes-AS Monaco,Nantes,Anthony Lopes,True,Goalkeeper,1,start,end,1.0,0.0,0.0,0.0,0.0,0.0,0.0,2.0,4.0,13.0,0.0,0.0,0.0,0.0,
FRA-Ligue 1,2425,2025-01-11 Brest-Lyon,Brest,Marco Bizot,True,Goalkeeper,1,start,end,1.0,0.0,1.0,0.0,0.0,0.0,0.0,1.0,2.0,9.0,0.0,0.0,0.0,0.0,
FRA-Ligue 1,2425,2025-01-11 Brest-Lyon,Lyon,Lucas Perri,False,Goalkeeper,1,start,end,1.0,0.0,0.0,0.0,0.0,0.0,0.0,2.0,4.0,8.0,0.0,0.0,0.0,0.0,
FRA-Ligue 1,2425,2025-01-11 Stade Rennais-Marseille,Marseille,Gerónimo Rulli,False,Goalkeeper,1,start,end,1.0,0.0,0.0,0.0,0.0,0.0,0.0,1.0,2.0,3.0,0.0,0.0,0.0,0.0,
FRA-Ligue 1,2425,2025-01-11 Stade Rennais-Marseille,Stade Rennais,Brice Samba,True,Goalkeeper,1,start,end,1.0,0.0,0.0,0.0,0.0,0.0,0.0,2.0,5.0,11.0,0.0,0.0,0.0,0.0,
FRA-Ligue 1,2425,2025-01-11 Stade de Reims-Nice,Nice,Marcin Bulka,False,Goalkeeper,1,start,end,1.0,0.0,0.0,0.0,0.0,0.0,0.0,2.0,2.0,9.0,0.0,0.0,0.0,0.0,
FRA-Ligue 1,2425,2025-01-11 Stade de Reims-Nice,Stade de Reims,Yehvann Diouf,True,Goalkeeper,1,start,end,1.0,0.0,0.0,0.0,0.0,0.0,0.0,4.0,5.0,11.0,0.0,0.0,0.0,0.0,
FRA-Ligue 1,2425,2025-01-12 Le Havre AC-Lens,Le Havre AC,Arthur Desmas,True,Goalkeeper,1,start,end,1.0,0.0,0.0,0.0,0.0,0.0,0.0,2.0,4.0,21.0,0.0,0.0,0.0,0.0,
FRA-Ligue 1,2425,2025-01-12 Le Havre AC-Lens,Lens,Hervé Koffi,False,Goalkeeper,1,start,end,1.0,0.0,0.0,0.0,0.0,0.0,1.0,1.0,3.0,7.0,0.0,0.0,0.0,0.0,
FRA-Ligue 1,2425,2025-01-12 Montpellier-Angers,Angers,Yahia Fofana,False,Goalkeeper,1,start,end,1.0,0.0,0.0,0.0,0.0,0.0,0.0,1.0,2.0,9.0,0.0,0.0,0.0,0.0,
FRA-Ligue 1,2425,2025-01-12 Montpellier-Angers,Montpellier,Benjamin Lecomte,True,Goalkeeper,1,start,end,1.0,0.0,0.0,0.0,0.0,0.0,0.0,3.0,5.0,18.0,0.0,0.0,0.0,0.0,
FRA-Ligue 1,2425,2025-01-12 Paris Saint-Germain-Saint-Étienne,Paris Saint-Germain,Gianluigi Donnarumma,True,Goalkeeper,1,start,end,1.0,0.0,0.0,0.0,0.0,0.0,0.0,1.0,2.0,7.0,0.0,0.0,0.0,0.0,
FRA-Ligue 1,2425,2025-01-12 Paris Saint-Germain-Saint-Étienne,Saint-Étienne,Gautier Larsonneur,False,Goalkeeper,1,start,end,1.0,0.0,0.0,0.0,0.0,0.0,0.0,2.0,7.0,22.0,0.0,0.0,0.0,0.0,
FRA-Ligue 1,2425,2025-01-12 Toulouse-Strasbourg,Strasbourg,Djordje Petrovic,False,Goalkeeper,1,start,end,1.0,0.0,1.0,0.0,0.0,0.0,0.0,1.0,5.0,20.0,0.0,0.0,0.0,0.0,
FRA-Ligue 1,2425,2025-01-12 Toulouse-Strasbourg,Toulouse,Guillaume Restes,True,Goalkeeper,1,start,end,1.0,0.0,0.0,0.0,0.0,0.0,0.0,2.0,0.0,6.0,0.0,0.0,0.0,0.0,
FRA-Ligue 1,2425,2025-01-17 Lille-Nice,Lille,Lucas Chevalier,True,Goalkeeper,1,start,end,1.0,0.0,0.0,0.0,0.0,0.0,0.0,1.0,2.0,10.0,0.0,0.0,0.0,0.0,
FRA-Ligue 1,2425,2025-01-17 Lille-Nice,Nice,Marcin Bulka,False,Goalkeeper,1,start,end,1.0,0.0,0.0,0.0,0.0,0.0,0.0,2.0,2.0,9.0,0.0,0.0,0.0,0.0,
FRA-Ligue 1,2425,2025-01-17 Montpellier-AS Monaco,AS Monaco,Radoslaw Majecki,False,Goalkeeper,1,start,end,1.0,0.0,0.0,0.0,0.0,0.0,0.0,2.0,2.0,10.0,0.0,0.0,0.0,0.0,
FRA-Ligue 1,2425,2025-01-17 Montpellier-AS Monaco,Montpellier,Benjamin Lecomte,True,Goalkeeper,1,start,end,1.0,0.0,0.0,0.0,0.0,0.0,0.0,1.0,10.0,23.0,0.0,0.0,0.0,0.0,
FRA-Ligue 1,2425,2025-01-18 Lens-Paris Saint-Germain,Lens,Hervé Koffi,True,Goalkeeper,1,start,end,1.0,0.0,0.0,0.0,0.0,0.0,0.0,2.0,5.0,7.0,0.0,0.0,0.0,0.0,
FRA-Ligue 1,2425,2025-01-18 Lens-Paris Saint-Germain,Paris Saint-Germain,Gianluigi Donnarumma,False,Goalkeeper,1,start,end,1.0,0.0,0.0,0.0,0.0,0.0,0.0,1.0,6.0,9.0,0.0,0.0,0.0,0.0,
FRA-Ligue 1,2425,2025-01-18 Lyon-Toulouse,Lyon,Lucas Perri,True,Goalkeeper,1,start,end,1.0,0.0,0.0,0.0,0.0,0.0,0.0,0.0,4.0,12.0,0.0,0.0,0.0,0.0,
FRA-Ligue 1,2425,2025-01-18 Lyon-Toulouse,Toulouse,Guillaume Restes,False,Goalkeeper,1,start,end,1.0,0.0,0.0,0.0,0.0,0.0,0.0,0.0,3.0,11.0,0.0,0.0,0.0,0.0,
FRA-Ligue 1,2425,2025-01-18 Stade Rennais-Brest,Brest,Marco Bizot,False,Goalkeeper,1,start,end,1.0,0.0,0.0,0.0,0.0,0.0,0.0,1.0,8.0,21.0,0.0,0.0,0.0,0.0,
FRA-Ligue 1,2425,2025-01-18 Stade Rennais-Brest,Stade Rennais,Brice Samba,True,Goalkeeper,1,start,end,1.0,0.0,0.0,0.0,0.0,0.0,0.0,2.0,1.0,7.0,0.0,0.0,0.0,0.0,
FRA-Ligue 1,2425,2025-01-19 Angers-AJ Auxerre,AJ Auxerre,Donovan Léon,False,Goalkeeper,1,start,end,1.0,0.0,0.0,0.0,0.0,0.0,0.0,2.0,3.0,10.0,0.0,0.0,0.0,0.0,
FRA-Ligue 1,2425,2025-01-19 Angers-AJ Auxerre,Angers,Yahia Fofana,True,Goalkeeper,1,start,end,1.0,0.0,0.0,0.0,0.0,0.0,0.0,0.0,4.0,9.0,0.0,0.0,0.0,0.0,
FRA-Ligue 1,2425,2025-01-19 Marseille-Strasbourg,Marseille,Gerónimo Rulli,True,Goalkeeper,1,start,end,1.0,0.0,0.0,0.0,0.0,0.0,0.0,1.0,3.0,7.0,0.0,0.0,0.0,0.0,
FRA-Ligue 1,2425,2025-01-19 Marseille-Strasbourg,Strasbourg,Djordje Petrovic,False,Goalkeeper,1,start,end,1.0,0.0,0.0,0.0,0.0,0.0,0.0,1.0,2.0,17.0,0.0,0.0,0.0,0.0,
FRA-Ligue 1,2425,2025-01-19 Saint-Étienne-Nantes,Nantes,Anthony Lopes,False,Goalkeeper,1,start,end,1.0,0.0,0.0,0.0,0.0,0.0,0.0,1.0,1.0,13.0,0.0,0.0,0.0,0.0,
FRA-Ligue 1,2425,2025-01-19 Saint-Étienne-Nantes,Saint-Étienne,Gautier Larsonneur,True,Goalkeeper,1,start,end,1.0,0.0,0.0,0.0,0.0,0.0,1.0,1.0,3.0,7.0,0.0,0.0,0.0,0.0,
FRA-Ligue 1,2425,2025-01-19 Stade de Reims-Le Havre AC,Le Havre AC,Mathieu Gorgelin,False,Goalkeeper,1,start,end,1.0,0.0,0.0,0.0,0.0,0.0,0.0,1.0,3.0,10.0,0.0,0.0,0.0,0.0,
FRA-Ligue 1,2425,2025-01-19 Stade de Reims-Le Havre AC,Stade de Reims,Yehvann Diouf,True,Goalkeeper,1,start,end,1.0,0.0,0.0,0.0,0.0,0.0,0.0,1.0,1.0,6.0,0.0,0.0,0.0,0.0,
FRA-Ligue 1,2425,2025-01-24 AJ Auxerre-Saint-Étienne,AJ Auxerre,Donovan Léon,True,Goalkeeper,1,start,end,1.0,0.0,0.0,0.0,0.0,0.0,0.0,1.0,3.0,7.0,0.0,0.0,0.0,0.0,
FRA-Ligue 1,2425,2025-01-24 AJ Auxerre-Saint-Étienne,Saint-Étienne,Gautier Larsonneur,False,Goalkeeper,1,start,end,1.0,0.0,0.0,0.0,0.0,0.0,0.0,1.0,4.0,10.0,0.0,0.0,0.0,0.0,
FRA-Ligue 1,2425,2025-01-25 AS Monaco-Stade Rennais,AS Monaco,Radoslaw Majecki,True,Goalkeeper,1,start,end,1.0,0.0,0.0,0.0,0.0,0.0,0.0,2.0,3.0,12.0,0.0,0.0,0.0,0.0,
FRA-Ligue 1,2425,2025-01-25 AS Monaco-Stade Rennais,Stade Rennais,Brice Samba,False,Goalkeeper,1,start,end,1.0,0.0,0.0,0.0,0.0,0.0,0.0,3.0,6.0,17.0,0.0,0.0,0.0,0.0,
FRA-Ligue 1,2425,2025-01-25 Paris Saint-Germain-Stade de Reims,Paris Saint-Germain,Gianluigi Donnarumma,True,Goalkeeper,1,start,end,1.0,0.0,0.0,0.0,0.0,0.0,0.0,1.0,2.0,6.0,0.0,0.0,0.0,0.0,
FRA-Ligue 1,2425,2025-01-25 Paris Saint-Germain-Stade de Reims,Stade de Reims,Yehvann Diouf,False,Goalkeeper,1,start,end,1.0,0.0,0.0,0.0,0.0,0.0,0.0,1.0,7.0,17.0,0.0,0.0,0.0,0.0,
FRA-Ligue 1,2425,2025-01-25 Strasbourg-Lille,Lille,Lucas Chevalier,False,Goalkeeper,1,start,end,1.0,0.0,0.0,0.0,0.0,0.0,0.0,2.0,5.0,9.0,0.0,0.0,0.0,0.0,
FRA-Ligue 1,2425,2025-01-25 Strasbourg-Lille,Strasbourg,Djordje Petrovic,True,Goalkeeper,1,start,end,1.0,0.0,0.0,0.0,0.0,0.0,0.0,1.0,5.0,14.0,0.0,0.0,0.0,0.0,
FRA-Ligue 1,2425,2025-01-26 Le Havre AC-Brest,Brest,Marco Bizot,False,Goalkeeper,1,start,end,1.0,0.0,0.0,0.0,0.0,0.0,0.0,0.0,1.0,11.0,0.0,0.0,0.0,0.0,
FRA-Ligue 1,2425,2025-01-26 Le Havre AC-Brest,Le Havre AC,Mathieu Gorgelin,True,Goalkeeper,1,start,end,1.0,0.0,0.0,0.0,0.0,0.0,0.0,1.0,6.0,15.0,0.0,0.0,0.0,0.0,
FRA-Ligue 1,2425,2025-01-26 Lens-Angers,Angers,Yahia Fofana,False,Goalkeeper,1,start,end,1.0,0.0,1.0,0.0,0.0,0.0,1.0,1.0,3.0,14.0,0.0,0.0,0.0,0.0,
FRA-Ligue 1,2425,2025-01-26 Lens-Angers,Lens,Mathew Ryan,True,Goalkeeper,1,start,end,1.0,0.0,0.0,0.0,0.0,0.0,0.0,0.0,0.0,2.0,0.0,0.0,0.0,0.0,
FRA-Ligue 1,2425,2025-01-26 Nantes-Lyon,Lyon,Lucas Perri,False,Goalkeeper,1,start,end,1.0,0.0,2.0,0.0,0.0,0.0,0.0,1.0,4.0,6.0,0.0,0.0,0.0,0.0,
FRA-Ligue 1,2425,2025-01-26 Nantes-Lyon,Nantes,Anthony Lopes,True,Goalkeeper,1,start,end,1.0,0.0,0.0,0.0,0.0,0.0,0.0,1.0,3.0,13.0,0.0,0.0,0.0,0.0,
FRA-Ligue 1,2425,2025-01-26 Nice-Marseille,Marseille,Gerónimo Rulli,False,Goalkeeper,1,start,end,1.0,0.0,0.0,0.0,0.0,0.0,0.0,2.0,3.0,12.0,0.0,0.0,0.0,0.0,
FRA-Ligue 1,2425,2025-01-26 Nice-Marseille,Nice,Marcin Bulka,True,Goalkeeper,1,start,end,1.0,0.0,0.0,0.0,0.0,0.0,0.0,0.0,6.0,18.0,0.0,0.0,0.0,0.0,
FRA-Ligue 1,2425,2025-01-26 Toulouse-Montpellier,Montpellier,Benjamin Lecomte,False,Goalkeeper,1,start,end,1.0,0.0,1.0,0.0,0.0,0.0,0.0,1.0,4.0,12.0,0.0,0.0,0.0,0.0,
FRA-Ligue 1,2425,2025-01-26 Toulouse-Montpellier,Toulouse,Guillaume Restes,True,Goalkeeper,1,start,end,1.0,0.0,0.0,0.0,0.0,0.0,0.0,2.0,2.0,4.0,0.0,0.0,0.0,0.0,
FRA-Ligue 1,2425,2025-01-31 Montpellier-Lens,Lens,Mathew Ryan,False,Goalkeeper,1,start,end,1.0,0.0,0.0,0.0,0.0,0.0,0.0,0.0,2.0,14.0,0.0,0.0,0.0,0.0,
FRA-Ligue 1,2425,2025-01-31 Montpellier-Lens,Montpellier,Benjamin Lecomte,True,Goalkeeper,1,start,end,1.0,0.0,0.0,0.0,0.0,0.0,0.0,2.0,3.0,16.0,0.0,0.0,0.0,0.0,
FRA-Ligue 1,2425,2025-02-01 AS Monaco-AJ Auxerre,AJ Auxerre,Donovan Léon,False,Goalkeeper,1,start,end,1.0,0.0,1.0,0.0,0.0,0.0,0.0,4.0,2.0,7.0,0.0,0.0,0.0,0.0,
FRA-Ligue 1,2425,2025-02-01 AS Monaco-AJ Auxerre,AS Monaco,Radoslaw Majecki,True,Goalkeeper,1,start,end,1.0,0.0,0.0,0.0,0.0,0.0,0.0,2.0,5.0,10.0,0.0,0.0,0.0,0.0,
FRA-Ligue 1,2425,2025-02-01 Brest-Paris Saint-Germain,Brest,Marco Bizot,True,Goalkeeper,1,start,end,1.0,0.0,0.0,0.0,0.0,0.0,0.0,5.0,2.0,9.0,0.0,0.0,0.0,0.0,
FRA-Ligue 1,2425,2025-02-01 Brest-Paris Saint-Germain,Paris Saint-Germain,Gianluigi Donnarumma,False,Goalkeeper,1,start,end,1.0,0.0,0.0,0.0,0.0,0.0,0.0,2.0,5.0,12.0,0.0,0.0,0.0,0.0,
FRA-Ligue 1,2425,2025-02-01 Lille-Saint-Étienne,Lille,Lucas Chevalier,True,Goalkeeper,1,start,end,1.0,0.0,0.0,0.0,0.0,0.0,0.0,1.0,1.0,8.0,0.0,0.0,0.0,0.0,
FRA-Ligue 1,2425,2025-02-01 Lille-Saint-Étienne,Saint-Étienne,Gautier Larsonneur,False,Goalkeeper,1,start,end,1.0,0.0,0.0,0.0,0.0,0.0,0.0,4.0,10.0,25.0,0.0,0.0,0.0,0.0,
FRA-Ligue 1,2425,2025-02-02 Angers-Le Havre AC,Angers,Yahia Fofana,True,Goalkeeper,1,start,end,1.0,0.0,0.0,0.0,0.0,0.0,0.0,1.0,4.0,12.0,0.0,0.0,0.0,0.0,
FRA-Ligue 1,2425,2025-02-02 Angers-Le Havre AC,Le Havre AC,Mathieu Gorgelin,False,Goalkeeper,1,start,end,1.0,0.0,0.0,0.0,0.0,0.0,0.0,1.0,2.0,15.0,0.0,0.0,0.0,0.0,
FRA-Ligue 1,2425,2025-02-02 Marseille-Lyon,Lyon,Lucas Perri,False,Goalkeeper,1,start,end,1.0,0.0,0.0,0.0,0.0,0.0,0.0,3.0,8.0,17.0,0.0,0.0,0.0,0.0,
FRA-Ligue 1,2425,2025-02-02 Marseille-Lyon,Marseille,Gerónimo Rulli,True,Goalkeeper,1,start,end,1.0,0.0,0.0,0.0,0.0,0.0,0.0,2.0,2.0,7.0,0.0,0.0,0.0,0.0,
FRA-Ligue 1,2425,2025-02-02 Stade Rennais-Strasbourg,Stade Rennais,Brice Samba,True,Goalkeeper,1,start,end,1.0,0.0,1.0,0.0,0.0,0.0,1.0,0.0,3.0,7.0,0.0,0.0,0.0,0.0,
FRA-Ligue 1,2425,2025-02-02 Stade Rennais-Strasbourg,Strasbourg,Djordje Petrovic,False,Goalkeeper,1,start,end,1.0,0.0,0.0,0.0,0.0,0.0,0.0,1.0,2.0,12.0,0.0,0.0,0.0,0.0,
FRA-Ligue 1,2425,2025-02-02 Stade de Reims-Nantes,Nantes,Anthony Lopes,False,Goalkeeper,1,start,end,1.0,0.0,0.0,0.0,0.0,0.0,0.0,1.0,2.0,13.0,0.0,0.0,0.0,0.0,
FRA-Ligue 1,2425,2025-02-02 Stade de Reims-Nantes,Stade de Reims,Yehvann Diouf,True,Goalkeeper,1,start,end,1.0,0.0,0.0,0.0,0.0,0.0,0.0,2.0,5.0,9.0,0.0,1.0,0.0,1.0,
FRA-Ligue 1,2425,2025-02-02 Toulouse-Nice,Nice,Marcin Bulka,False,Goalkeeper,1,start,end,1.0,0.0,0.0,0.0,0.0,0.0,0.0,1.0,3.0,14.0,0.0,0.0,0.0,0.0,
FRA-Ligue 1,2425,2025-02-02 Toulouse-Nice,Toulouse,Guillaume Restes,True,Goalkeeper,1,start,end,1.0,1.0,0.0,0.0,0.0,0.0,0.0,1.0,2.0,12.0,0.0,0.0,0.0,0.0,
FRA-Ligue 1,2425,2025-02-07 Nantes-Brest,Brest,Marco Bizot,False,Goalkeeper,1,start,end,1.0,1.0,0.0,0.0,0.0,0.0,1.0,0.0,2.0,15.0,0.0,0.0,0.0,0.0,
FRA-Ligue 1,2425,2025-02-07 Nantes-Brest,Nantes,Anthony Lopes,True,Goalkeeper,1,start,end,1.0,0.0,0.0,0.0,0.0,0.0,0.0,2.0,4.0,9.0,0.0,0.0,0.0,0.0,
FRA-Ligue 1,2425,2025-02-07 Paris Saint-Germain-AS Monaco,AS Monaco,Radoslaw Majecki,False,Goalkeeper,1,start,end,1.0,0.0,0.0,0.0,0.0,0.0,0.0,4.0,3.0,12.0,0.0,0.0,0.0,0.0,
FRA-Ligue 1,2425,2025-02-07 Paris Saint-Germain-AS Monaco,Paris Saint-Germain,Gianluigi Donnarumma,True,Goalkeeper,1,start,end,1.0,0.0,0.0,0.0,0.0,0.0,0.0,1.0,2.0,8.0,0.0,0.0,0.0,0.0,
FRA-Ligue 1,2425,2025-02-08 Lille-Le Havre AC,Le Havre AC,Mathieu Gorgelin,False,Goalkeeper,1,start,end,1.0,0.0,0.0,0.0,0.0,0.0,0.0,1.0,4.0,12.0,0.0,0.0,0.0,0.0,
FRA-Ligue 1,2425,2025-02-08 Lille-Le Havre AC,Lille,Lucas Chevalier,True,Goalkeeper,1,start,end,1.0,0.0,0.0,0.0,0.0,0.0,0.0,2.0,5.0,12.0,0.0,0.0,0.0,0.0,
FRA-Ligue 1,2425,2025-02-08 Nice-Lens,Lens,Hervé Koffi,False,Goalkeeper,1,start,end,1.0,0.0,0.0,0.0,0.0,0.0,0.0,2.0,5.0,13.0,0.0,0.0,0.0,0.0,
FRA-Ligue 1,2425,2025-02-08 Nice-Lens,Nice,Marcin Bulka,True,Goalkeeper,1,start,end,1.0,0.0,0.0,0.0,0.0,0.0,0.0,0.0,3.0,12.0,0.0,0.0,0.0,0.0,
FRA-Ligue 1,2425,2025-02-08 Saint-Étienne-Stade Rennais,Saint-Étienne,Gautier Larsonneur,True,Goalkeeper,1,start,end,1.0,0.0,0.0,0.0,0.0,0.0,0.0,2.0,6.0,19.0,0.0,0.0,0.0,0.0,
FRA-Ligue 1,2425,2025-02-08 Saint-Étienne-Stade Rennais,Stade Rennais,Brice Samba,False,Goalkeeper,1,start,end,1.0,0.0,0.0,0.0,0.0,0.0,1.0,0.0,3.0,9.0,0.0,0.0,0.0,0.0,
FRA-Ligue 1,2425,2025-02-09 AJ Auxerre-Toulouse,AJ Auxerre,Donovan Léon,True,Goalkeeper,1,start,end,1.0,0.0,0.0,0.0,0.0,0.0,0.0,2.0,1.0,4.0,0.0,0.0,0.0,0.0,
FRA-Ligue 1,2425,2025-02-09 AJ Auxerre-Toulouse,Toulouse,Kjetil Haug,False,Goalkeeper,1,start,end,1.0,0.0,0.0,0.0,0.0,0.0,0.0,2.0,1.0,6.0,0.0,0.0,0.0,0.0,
FRA-Ligue 1,2425,2025-02-09 Angers-Marseille,Angers,Yahia Fofana,True,Goalkeeper,1,start,end,1.0,0.0,0.0,0.0,0.0,0.0,0.0,2.0,6.0,16.0,0.0,0.0,0.0,0.0,
FRA-Ligue 1,2425,2025-02-09 Angers-Marseille,Marseille,Gerónimo Rulli,False,Goalkeeper,1,start,end,1.0,0.0,0.0,0.0,0.0,0.0,0.0,0.0,0.0,5.0,0.0,0.0,0.0,0.0,
FRA-Ligue 1,2425,2025-02-09 Lyon-Stade de Reims,Lyon,Lucas Perri,True,Goalkeeper,1,start,end,1.0,0.0,0.0,0.0,0.0,0.0,0.0,0.0,2.0,9.0,0.0,0.0,0.0,0.0,
FRA-Ligue 1,2425,2025-02-09 Lyon-Stade de Reims,Stade de Reims,Yehvann Diouf,False,Goalkeeper,1,start,end,1.0,0.0,0.0,0.0,0.0,0.0,0.0,4.0,5.0,10.0,0.0,0.0,0.0,0.0,
FRA-Ligue 1,2425,2025-02-09 Strasbourg-Montpellier,Montpellier,Benjamin Lecomte,False,Goalkeeper,1,start,end,1.0,0.0,0.0,0.0,0.0,0.0,0.0,2.0,4.0,20.0,0.0,0.0,0.0,0.0,
FRA-Ligue 1,2425,2025-02-09 Strasbourg-Montpellier,Strasbourg,Djordje Petrovic,True,Goalkeeper,1,start,end,1.0,0.0,0.0,0.0,0.0,0.0,0.0,0.0,2.0,11.0,0.0,0.0,0.0,0.0,
FRA-Ligue 1,2425,2025-02-14 Brest-AJ Auxerre,AJ Auxerre,Donovan Léon,False,Goalkeeper,1,start,end,1.0,0.0,1.0,0.0,0.0,0.0,0.0,2.0,4.0,16.0,0.0,0.0,0.0,0.0,
FRA-Ligue 1,2425,2025-02-14 Brest-AJ Auxerre,Brest,Marco Bizot,True,Goalkeeper,1,start,end,1.0,0.0,0.0,0.0,0.0,0.0,0.0,2.0,5.0,8.0,0.0,0.0,0.0,0.0,
FRA-Ligue 1,2425,2025-02-15 AS Monaco-Nantes,AS Monaco,Radoslaw Majecki,True,Goalkeeper,1,start,end,1.0,0.0,0.0,0.0,0.0,0.0,0.0,1.0,1.0,5.0,0.0,0.0,0.0,0.0,
FRA-Ligue 1,2425,2025-02-15 AS Monaco-Nantes,Nantes,Anthony Lopes,False,Goalkeeper,1,start,end,1.0,0.0,0.0,0.0,0.0,0.0,0.0,7.0,4.0,14.0,0.0,0.0,0.0,0.0,
FRA-Ligue 1,2425,2025-02-15 Marseille-Saint-Étienne,Marseille,Gerónimo Rulli,True,Goalkeeper,1,start,end,1.0,0.0,0.0,0.0,0.0,0.0,0.0,1.0,1.0,6.0,0.0,0.0,0.0,0.0,
FRA-Ligue 1,2425,2025-02-15 Marseille-Saint-Étienne,Saint-Étienne,Gautier Larsonneur,False,Goalkeeper,1,start,end,1.0,0.0,2.0,0.0,0.0,0.0,0.0,5.0,8.0,24.0,0.0,0.0,0.0,0.0,
FRA-Ligue 1,2425,2025-02-15 Toulouse-Paris Saint-Germain,Paris Saint-Germain,Matvei Safonov,False,Goalkeeper,1,start,end,1.0,0.0,0.0,0.0,0.0,0.0,0.0,0.0,4.0,14.0,0.0,0.0,0.0,0.0,
FRA-Ligue 1,2425,2025-02-15 Toulouse-Paris Saint-Germain,Toulouse,Guillaume Restes,True,Goalkeeper,1,start,43,1.0,0.0,0.0,0.0,0.0,0.0,0.0,0.0,3.0,11.0,0.0,0.0,0.0,0.0,
FRA-Ligue 1,2425,2025-02-16 Le Havre AC-Nice,Le Havre AC,Mathieu Gorgelin,True,Goalkeeper,1,start,end,1.0,0.0,0.0,0.0,0.0,0.0,0.0,3.0,1.0,7.0,0.0,0.0,0.0,0.0,
FRA-Ligue 1,2425,2025-02-16 Le Havre AC-Nice,Nice,Marcin Bulka,False,Goalkeeper,1,start,end,1.0,0.0,0.0,0.0,0.0,0.0,0.0,1.0,3.0,12.0,0.0,0.0,0.0,0.0,
FRA-Ligue 1,2425,2025-02-16 Lens-Strasbourg,Lens,Hervé Koffi,True,Goalkeeper,1,start,end,1.0,0.0,0.0,0.0,0.0,0.0,0.0,2.0,2.0,11.0,0.0,0.0,0.0,0.0,
FRA-Ligue 1,2425,2025-02-16 Lens-Strasbourg,Strasbourg,Djordje Petrovic,False,Goalkeeper,1,start,end,1.0,0.0,0.0,0.0,0.0,0.0,0.0,0.0,0.0,7.0,0.0,0.0,0.0,0.0,
FRA-Ligue 1,2425,2025-02-16 Montpellier-Lyon,Lyon,Lucas Perri,False,Goalkeeper,1,start,end,1.0,0.0,0.0,0.0,0.0,0.0,0.0,1.0,3.0,10.0,0.0,0.0,0.0,0.0,
FRA-Ligue 1,2425,2025-02-16 Montpellier-Lyon,Montpellier,Benjamin Lecomte,True,Goalkeeper,1,start,end,1.0,0.0,0.0,0.0,0.0,0.0,0.0,4.0,2.0,4.0,0.0,0.0,0.0,0.0,
FRA-Ligue 1,2425,2025-02-16 Stade Rennais-Lille,Lille,Lucas Chevalier,False,Goalkeeper,1,start,end,1.0,0.0,0.0,0.0,0.0,0.0,0.0,0.0,0.0,4.0,0.0,0.0,0.0,0.0,
FRA-Ligue 1,2425,2025-02-16 Stade Rennais-Lille,Stade Rennais,Brice Samba,True,Goalkeeper,1,start,end,1.0,0.0,0.0,0.0,0.0,0.0,0.0,2.0,4.0,13.0,0.0,0.0,0.0,0.0,
FRA-Ligue 1,2425,2025-02-16 Stade de Reims-Angers,Angers,Yahia Fofana,False,Goalkeeper,1,start,end,1.0,0.0,0.0,0.0,0.0,0.0,0.0,0.0,4.0,15.0,0.0,0.0,0.0,0.0,
FRA-Ligue 1,2425,2025-02-16 Stade de Reims-Angers,Stade de Reims,Yehvann Diouf,True,Goalkeeper,1,start,end,1.0,0.0,0.0,0.0,0.0,0.0,0.0,1.0,1.0,9.0,0.0,0.0,0.0,0.0,
FRA-Ligue 1,2425,2025-02-21 Stade Rennais-Stade de Reims,Stade Rennais,Steve Mandanda,True,Goalkeeper,1,start,end,1.0,0.0,0.0,0.0,0.0,0.0,0.0,0.0,0.0,3.0,0.0,0.0,0.0,0.0,
FRA-Ligue 1,2425,2025-02-21 Stade Rennais-Stade de Reims,Stade de Reims,Yehvann Diouf,False,Goalkeeper,1,start,end,1.0,0.0,0.0,0.0,0.0,0.0,0.0,1.0,5.0,25.0,0.0,0.0,0.0,0.0,
FRA-Ligue 1,2425,2025-02-22 AJ Auxerre-Marseille,AJ Auxerre,Donovan Léon,True,Goalkeeper,1,start,end,1.0,0.0,0.0,0.0,0.0,0.0,0.0,0.0,2.0,9.0,0.0,0.0,0.0,0.0,
FRA-Ligue 1,2425,2025-02-22 AJ Auxerre-Marseille,Marseille,Gerónimo Rulli,False,Goalkeeper,1,start,end,1.0,1.0,0.0,0.0,0.0,0.0,1.0,3.0,2.0,8.0,0.0,0.0,0.0,0.0,
FRA-Ligue 1,2425,2025-02-22 Lille-AS Monaco,AS Monaco,Radoslaw Majecki,False,Goalkeeper,1,start,end,1.0,0.0,0.0,0.0,0.0,0.0,0.0,2.0,4.0,7.0,0.0,0.0,0.0,0.0,
FRA-Ligue 1,2425,2025-02-22 Lille-AS Monaco,Lille,Lucas Chevalier,True,Goalkeeper,1,start,end,1.0,0.0,0.0,0.0,0.0,0.0,0.0,1.0,2.0,11.0,0.0,0.0,0.0,0.0,
FRA-Ligue 1,2425,2025-02-22 Saint-Étienne-Angers,Angers,Yahia Fofana,False,Goalkeeper,1,start,end,1.0,0.0,0.0,0.0,0.0,0.0,0.0,3.0,5.0,15.0,0.0,0.0,0.0,0.0,
FRA-Ligue 1,2425,2025-02-22 Saint-Étienne-Angers,Saint-Étienne,Gautier Larsonneur,True,Goalkeeper,1,start,end,1.0,0.0,0.0,0.0,0.0,0.0,0.0,3.0,1.0,10.0,0.0,0.0,0.0,0.0,
FRA-Ligue 1,2425,2025-02-23 Le Havre AC-Toulouse,Le Havre AC,Mathieu Gorgelin,True,Goalkeeper,1,start,end,1.0,0.0,1.0,0.0,0.0,0.0,0.0,4.0,1.0,7.0,0.0,0.0,0.0,0.0,
FRA-Ligue 1,2425,2025-02-23 Le Havre AC-Toulouse,Toulouse,Kjetil Haug,False,Goalkeeper,1,start,end,1.0,0.0,0.0,0.0,0.0,0.0,0.0,1.0,2.0,10.0,0.0,0.0,0.0,0.0,
FRA-Ligue 1,2425,2025-02-23 Lyon-Paris Saint-Germain,Lyon,Lucas Perri,True,Goalkeeper,1,start,end,1.0,0.0,0.0,0.0,0.0,0.0,0.0,3.0,4.0,13.0,0.0,0.0,0.0,0.0,
FRA-Ligue 1,2425,2025-02-23 Lyon-Paris Saint-Germain,Paris Saint-Germain,Gianluigi Donnarumma,False,Goalkeeper,1,start,end,1.0,0.0,0.0,0.0,0.0,0.0,0.0,2.0,5.0,11.0,0.0,0.0,0.0,0.0,
FRA-Ligue 1,2425,2025-02-23 Nantes-Lens,Lens,Mathew Ryan,False,Goalkeeper,1,start,end,1.0,0.0,0.0,0.0,0.0,0.0,0.0,3.0,5.0,14.0,0.0,0.0,0.0,0.0,
FRA-Ligue 1,2425,2025-02-23 Nantes-Lens,Nantes,Anthony Lopes,True,Goalkeeper,1,start,end,1.0,0.0,0.0,0.0,0.0,0.0,1.0,1.0,3.0,12.0,0.0,0.0,0.0,0.0,
FRA-Ligue 1,2425,2025-02-23 Nice-Montpellier,Montpellier,Benjamin Lecomte,False,Goalkeeper,1,start,end,1.0,0.0,0.0,0.0,0.0,0.0,0.0,2.0,4.0,13.0,0.0,0.0,0.0,0.0,
FRA-Ligue 1,2425,2025-02-23 Nice-Montpellier,Nice,Marcin Bulka,True,Goalkeeper,1,start,end,1.0,0.0,0.0,0.0,0.0,0.0,0.0,0.0,1.0,13.0,0.0,0.0,0.0,0.0,
FRA-Ligue 1,2425,2025-02-23 Strasbourg-Brest,Brest,Marco Bizot,False,Goalkeeper,1,start,end,1.0,0.0,0.0,0.0,0.0,0.0,0.0,0.0,1.0,4.0,0.0,0.0,0.0,0.0,
FRA-Ligue 1,2425,2025-02-23 Strasbourg-Brest,Strasbourg,Djordje Petrovic,True,Goalkeeper,1,start,end,1.0,0.0,0.0,0.0,0.0,0.0,0.0,0.0,2.0,12.0,0.0,0.0,0.0,0.0,
FRA-Ligue 1,2425,2025-02-28 AS Monaco-Stade de Reims,AS Monaco,Radoslaw Majecki,True,Goalkeeper,1,start,end,1.0,0.0,0.0,0.0,0.0,0.0,0.0,0.0,5.0,9.0,0.0,0.0,0.0,0.0,
FRA-Ligue 1,2425,2025-02-28 AS Monaco-Stade de Reims,Stade de Reims,Yehvann Diouf,False,Goalkeeper,1,start,end,1.0,0.0,0.0,0.0,0.0,0.0,0.0,3.0,8.0,20.0,0.0,0.0,0.0,0.0,
FRA-Ligue 1,2425,2025-03-01 Lens-Le Havre AC,Le Havre AC,Mathieu Gorgelin,False,Goalkeeper,1,start,end,1.0,0.0,0.0,0.0,0.0,0.0,0.0,3.0,4.0,16.0,0.0,0.0,0.0,0.0,
FRA-Ligue 1,2425,2025-03-01 Lens-Le Havre AC,Lens,Mathew Ryan,True,Goalkeeper,1,start,end,1.0,0.0,0.0,0.0,0.0,0.0,0.0,4.0,0.0,4.0,0.0,0.0,0.0,0.0,
FRA-Ligue 1,2425,2025-03-01 Paris Saint-Germain-Lille,Lille,Lucas Chevalier,False,Goalkeeper,1,start,end,1.0,0.0,0.0,0.0,0.0,0.0,0.0,4.0,7.0,23.0,0.0,0.0,0.0,0.0,
FRA-Ligue 1,2425,2025-03-01 Paris Saint-Germain-Lille,Paris Saint-Germain,Gianluigi Donnarumma,True,Goalkeeper,1,start,end,1.0,0.0,0.0,0.0,0.0,0.0,0.0,1.0,1.0,5.0,0.0,0.0,0.0,0.0,
FRA-Ligue 1,2425,2025-03-01 Saint-Étienne-Nice,Nice,Marcin Bulka,False,Goalkeeper,1,start,end,1.0,0.0,0.0,0.0,0.0,0.0,0.0,1.0,2.0,11.0,0.0,0.0,0.0,0.0,
FRA-Ligue 1,2425,2025-03-01 Saint-Étienne-Nice,Saint-Étienne,Gautier Larsonneur,True,Goalkeeper,1,start,end,1.0,0.0,0.0,0.0,0.0,0.0,0.0,3.0,8.0,15.0,0.0,0.0,0.0,0.0,
FRA-Ligue 1,2425,2025-03-02 AJ Auxerre-Strasbourg,AJ Auxerre,Donovan Léon,True,Goalkeeper,1,start,end,1.0,0.0,0.0,0.0,0.0,0.0,0.0,1.0,2.0,5.0,0.0,0.0,0.0,0.0,
FRA-Ligue 1,2425,2025-03-02 AJ Auxerre-Strasbourg,Strasbourg,Djordje Petrovic,False,Goalkeeper,1,start,end,1.0,0.0,0.0,0.0,0.0,0.0,1.0,0.0,5.0,14.0,0.0,0.0,0.0,0.0,
FRA-Ligue 1,2425,2025-03-02 Angers-Toulouse,Angers,Yahia Fofana,True,Goalkeeper,1,start,end,1.0,0.0,0.0,0.0,0.0,0.0,1.0,4.0,9.0,15.0,0.0,0.0,0.0,0.0,
FRA-Ligue 1,2425,2025-03-02 Angers-Toulouse,Toulouse,Kjetil Haug,False,Goalkeeper,1,start,end,1.0,0.0,0.0,0.0,0.0,0.0,0.0,0.0,1.0,5.0,0.0,0.0,0.0,0.0,
FRA-Ligue 1,2425,2025-03-02 Lyon-Brest,Brest,Marco Bizot,False,Goalkeeper,1,start,end,1.0,0.0,0.0,0.0,0.0,0.0,0.0,2.0,2.0,8.0,0.0,0.0,0.0,0.0,
FRA-Ligue 1,2425,2025-03-02 Lyon-Brest,Lyon,Lucas Perri,True,Goalkeeper,1,start,end,1.0,0.0,0.0,0.0,0.0,0.0,0.0,1.0,4.0,14.0,0.0,0.0,0.0,0.0,
FRA-Ligue 1,2425,2025-03-02 Marseille-Nantes,Marseille,Gerónimo Rulli,True,Goalkeeper,1,start,end,1.0,0.0,1.0,0.0,0.0,0.0,0.0,0.0,2.0,8.0,0.0,0.0,0.0,0.0,
FRA-Ligue 1,2425,2025-03-02 Marseille-Nantes,Nantes,Anthony Lopes,False,Goalkeeper,1,start,end,1.0,0.0,1.0,0.0,0.0,0.0,0.0,2.0,3.0,19.0,0.0,0.0,0.0,0.0,
FRA-Ligue 1,2425,2025-03-02 Montpellier-Stade Rennais,Montpellier,Benjamin Lecomte,True,Goalkeeper,1,start,end,1.0,0.0,0.0,0.0,0.0,0.0,0.0,4.0,3.0,10.0,0.0,0.0,0.0,0.0,
FRA-Ligue 1,2425,2025-03-02 Montpellier-Stade Rennais,Stade Rennais,Brice Samba,False,Goalkeeper,1,start,end,1.0,0.0,0.0,0.0,0.0,0.0,0.0,0.0,5.0,16.0,0.0,0.0,0.0,0.0,
FRA-Ligue 1,2425,2025-03-07 Toulouse-AS Monaco,AS Monaco,Radoslaw Majecki,False,Goalkeeper,1,start,end,1.0,0.0,0.0,0.0,0.0,0.0,0.0,1.0,2.0,6.0,0.0,0.0,0.0,0.0,
FRA-Ligue 1,2425,2025-03-07 Toulouse-AS Monaco,Toulouse,Kjetil Haug,True,Goalkeeper,1,start,end,1.0,0.0,0.0,0.0,0.0,0.0,0.0,1.0,2.0,12.0,0.0,0.0,0.0,0.0,
FRA-Ligue 1,2425,2025-03-08 Lille-Montpellier,Lille,Lucas Chevalier,True,Goalkeeper,1,start,end,1.0,0.0,1.0,0.0,0.0,0.0,0.0,0.0,3.0,10.0,0.0,0.0,0.0,0.0,
FRA-Ligue 1,2425,2025-03-08 Lille-Montpellier,Montpellier,Benjamin Lecomte,False,Goalkeeper,1,start,end,1.0,0.0,0.0,0.0,0.0,0.0,0.0,1.0,6.0,17.0,0.0,0.0,0.0,0.0,
FRA-Ligue 1,2425,2025-03-08 Marseille-Lens,Lens,Mathew Ryan,False,Goalkeeper,1,start,end,1.0,0.0,0.0,0.0,0.0,0.0,0.0,0.0,6.0,14.0,0.0,0.0,0.0,0.0,
FRA-Ligue 1,2425,2025-03-08 Marseille-Lens,Marseille,Gerónimo Rulli,True,Goalkeeper,1,start,end,1.0,0.0,0.0,0.0,0.0,0.0,0.0,1.0,1.0,2.0,0.0,0.0,0.0,0.0,
FRA-Ligue 1,2425,2025-03-08 Stade Rennais-Paris Saint-Germain,Paris Saint-Germain,Matvei Safonov,False,Goalkeeper,1,start,end,1.0,0.0,0.0,0.0,0.0,0.0,0.0,1.0,2.0,11.0,0.0,0.0,0.0,0.0,
FRA-Ligue 1,2425,2025-03-08 Stade Rennais-Paris Saint-Germain,Stade Rennais,Brice Samba,True,Goalkeeper,1,start,end,1.0,0.0,0.0,0.0,0.0,0.0,1.0,4.0,5.0,15.0,0.0,0.0,0.0,0.0,
FRA-Ligue 1,2425,2025-03-09 Brest-Angers,Angers,Yahia Fofana,False,Goalkeeper,1,start,end,1.0,0.0,0.0,0.0,0.0,0.0,0.0,2.0,5.0,17.0,0.0,0.0,0.0,0.0,
FRA-Ligue 1,2425,2025-03-09 Brest-Angers,Brest,Marco Bizot,True,Goalkeeper,1,start,end,1.0,0.0,0.0,0.0,0.0,0.0,0.0,0.0,1.0,7.0,0.0,0.0,0.0,0.0,
FRA-Ligue 1,2425,2025-03-09 Le Havre AC-Saint-Étienne,Le Havre AC,Mathieu Gorgelin,True,Goalkeeper,1,start,end,1.0,0.0,0.0,0.0,0.0,0.0,0.0,1.0,1.0,10.0,0.0,0.0,0.0,0.0,
FRA-Ligue 1,2425,2025-03-09 Le Havre AC-Saint-Étienne,Saint-Étienne,Gautier Larsonneur,False,Goalkeeper,1,start,end,1.0,0.0,0.0,0.0,0.0,0.0,0.0,1.0,4.0,10.0,0.0,0.0,0.0,0.0,
FRA-Ligue 1,2425,2025-03-09 Nantes-Strasbourg,Nantes,Anthony Lopes,True,Goalkeeper,1,start,end,1.0,0.0,0.0,0.0,0.0,0.0,0.0,1.0,1.0,7.0,0.0,0.0,0.0,0.0,
FRA-Ligue 1,2425,2025-03-09 Nantes-Strasbourg,Strasbourg,Djordje Petrovic,False,Goalkeeper,1,start,end,1.0,0.0,0.0,0.0,0.0,0.0,0.0,0.0,2.0,12.0,0.0,0.0,0.0,0.0,
FRA-Ligue 1,2425,2025-03-09 Nice-Lyon,Lyon,Lucas Perri,False,Goalkeeper,1,start,end,1.0,0.0,0.0,0.0,0.0,0.0,0.0,0.0,3.0,16.0,0.0,0.0,0.0,0.0,
FRA-Ligue 1,2425,2025-03-09 Nice-Lyon,Nice,Marcin Bulka,True,Goalkeeper,1,start,end,1.0,0.0,0.0,0.0,0.0,0.0,0.0,2.0,3.0,5.0,0.0,0.0,0.0,0.0,
FRA-Ligue 1,2425,2025-03-09 Stade de Reims-AJ Auxerre,AJ Auxerre,Donovan Léon,False,Goalkeeper,1,start,end,1.0,0.0,0.0,0.0,0.0,0.0,0.0,0.0,4.0,15.0,0.0,0.0,0.0,0.0,
FRA-Ligue 1,2425,2025-03-09 Stade de Reims-AJ Auxerre,Stade de Reims,Yehvann Diouf,True,Goalkeeper,1,start,end,1.0,0.0,0.0,0.0,0.0,0.0,0.0,2.0,7.0,12.0,0.0,0.0,0.0,0.0,
FRA-Ligue 1,2425,2025-03-14 Nice-AJ Auxerre,AJ Auxerre,Donovan Léon,False,Goalkeeper,1,start,end,1.0,0.0,0.0,0.0,0.0,0.0,0.0,1.0,5.0,18.0,0.0,0.0,0.0,0.0,
FRA-Ligue 1,2425,2025-03-14 Nice-AJ Auxerre,Nice,Marcin Bulka,True,Goalkeeper,1,start,end,1.0,0.0,1.0,0.0,0.0,0.0,0.0,1.0,4.0,9.0,0.0,0.0,0.0,0.0,
FRA-Ligue 1,2425,2025-03-15 Angers-AS Monaco,AS Monaco,Philipp Köhn,False,Goalkeeper,1,start,end,1.0,0.0,0.0,0.0,0.0,0.0,0.0,0.0,2.0,6.0,0.0,0.0,0.0,0.0,
FRA-Ligue 1,2425,2025-03-15 Angers-AS Monaco,Angers,Yahia Fofana,True,Goalkeeper,1,start,end,1.0,0.0,0.0,0.0,0.0,0.0,0.0,2.0,3.0,12.0,0.0,0.0,0.0,0.0,
FRA-Ligue 1,2425,2025-03-15 Lens-Stade Rennais,Lens,Mathew Ryan,True,Goalkeeper,1,start,end,1.0,0.0,1.0,0.0,0.0,0.0,0.0,0.0,5.0,12.0,0.0,0.0,0.0,0.0,
FRA-Ligue 1,2425,2025-03-15 Lens-Stade Rennais,Stade Rennais,Brice Samba,False,Goalkeeper,1,start,end,1.0,0.0,0.0,0.0,0.0,0.0,0.0,1.0,3.0,8.0,0.0,0.0,0.0,0.0,
FRA-Ligue 1,2425,2025-03-15 Nantes-Lille,Lille,Lucas Chevalier,False,Goalkeeper,1,start,end,1.0,0.0,0.0,0.0,0.0,0.0,0.0,1.0,1.0,9.0,0.0,0.0,0.0,0.0,
FRA-Ligue 1,2425,2025-03-15 Nantes-Lille,Nantes,Anthony Lopes,True,Goalkeeper,1,start,end,1.0,0.0,0.0,0.0,0.0,0.0,0.0,0.0,3.0,13.0,0.0,0.0,0.0,0.0,
FRA-Ligue 1,2425,2025-03-16 Brest-Stade de Reims,Brest,Marco Bizot,True,Goalkeeper,1,start,end,1.0,0.0,1.0,0.0,0.0,0.0,0.0,0.0,2.0,10.0,0.0,0.0,0.0,0.0,
FRA-Ligue 1,2425,2025-03-16 Brest-Stade de Reims,Stade de Reims,Yehvann Diouf,False,Goalkeeper,1,start,end,1.0,0.0,0.0,0.0,0.0,0.0,0.0,0.0,0.0,10.0,0.0,0.0,0.0,0.0,
FRA-Ligue 1,2425,2025-03-16 Lyon-Le Havre AC,Le Havre AC,Mathieu Gorgelin,False,Goalkeeper,1,start,end,1.0,0.0,0.0,0.0,0.0,0.0,1.0,4.0,3.0,12.0,0.0,0.0,0.0,0.0,
FRA-Ligue 1,2425,2025-03-16 Lyon-Le Havre AC,Lyon,Lucas Perri,True,Goalkeeper,1,start,end,1.0,0.0,0.0,0.0,0.0,0.0,0.0,2.0,3.0,12.0,0.0,0.0,0.0,0.0,
FRA-Ligue 1,2425,2025-03-16 Montpellier-Saint-Étienne,Montpellier,Benjamin Lecomte,True,Goalkeeper,1,start,end,1.0,0.0,0.0,0.0,0.0,0.0,0.0,2.0,4.0,9.0,0.0,0.0,0.0,0.0,
FRA-Ligue 1,2425,2025-03-16 Montpellier-Saint-Étienne,Saint-Étienne,Gautier Larsonneur,False,Goalkeeper,1,start,end,1.0,0.0,0.0,0.0,0.0,0.0,0.0,0.0,3.0,13.0,0.0,0.0,0.0,0.0,
FRA-Ligue 1,2425,2025-03-16 Paris Saint-Germain-Marseille,Marseille,Gerónimo Rulli,False,Goalkeeper,1,start,end,1.0,0.0,0.0,0.0,0.0,0.0,0.0,3.0,3.0,14.0,0.0,0.0,0.0,0.0,
FRA-Ligue 1,2425,2025-03-16 Paris Saint-Germain-Marseille,Paris Saint-Germain,Gianluigi Donnarumma,True,Goalkeeper,1,start,end,1.0,0.0,0.0,0.0,0.0,0.0,0.0,1.0,1.0,10.0,0.0,0.0,0.0,0.0,
FRA-Ligue 1,2425,2025-03-16 Strasbourg-Toulouse,Strasbourg,Djordje Petrovic,True,Goalkeeper,1,start,end,1.0,0.0,1.0,0.0,0.0,0.0,0.0,1.0,6.0,10.0,0.0,0.0,0.0,0.0,
FRA-Ligue 1,2425,2025-03-16 Strasbourg-Toulouse,Toulouse,Kjetil Haug,False,Goalkeeper,1,start,end,1.0,0.0,0.0,0.0,0.0,0.0,0.0,2.0,1.0,9.0,0.0,0.0,0.0,0.0,
FRA-Ligue 1,2425,2025-03-28 Strasbourg-Lyon,Lyon,Lucas Perri,False,Goalkeeper,1,start,end,1.0,0.0,0.0,0.0,0.0,0.0,0.0,4.0,3.0,10.0,0.0,0.0,0.0,0.0,
FRA-Ligue 1,2425,2025-03-28 Strasbourg-Lyon,Strasbourg,Djordje Petrovic,True,Goalkeeper,1,start,end,1.0,0.0,0.0,0.0,0.0,0.0,0.0,2.0,9.0,14.0,0.0,0.0,0.0,0.0,
FRA-Ligue 1,2425,2025-03-29 AS Monaco-Nice,AS Monaco,Philipp Köhn,True,Goalkeeper,1,start,end,1.0,0.0,0.0,0.0,0.0,0.0,0.0,1.0,3.0,8.0,0.0,0.0,0.0,0.0,
FRA-Ligue 1,2425,2025-03-29 AS Monaco-Nice,Nice,Marcin Bulka,False,Goalkeeper,1,start,end,1.0,0.0,0.0,0.0,0.0,0.0,0.0,2.0,3.0,14.0,0.0,0.0,0.0,0.0,
FRA-Ligue 1,2425,2025-03-29 Saint-Étienne-Paris Saint-Germain,Paris Saint-Germain,Matvei Safonov,False,Goalkeeper,1,start,end,1.0,0.0,0.0,0.0,0.0,0.0,0.0,1.0,1.0,10.0,0.0,0.0,0.0,0.0,
FRA-Ligue 1,2425,2025-03-29 Saint-Étienne-Paris Saint-Germain,Saint-Étienne,Gautier Larsonneur,True,Goalkeeper,1,start,end,1.0,0.0,0.0,0.0,0.0,0.0,0.0,6.0,4.0,16.0,0.0,0.0,0.0,0.0,
FRA-Ligue 1,2425,2025-03-29 Stade de Reims-Marseille,Marseille,Gerónimo Rulli,False,Goalkeeper,1,start,end,1.0,0.0,0.0,0.0,0.0,0.0,0.0,3.0,2.0,4.0,0.0,0.0,0.0,0.0,
FRA-Ligue 1,2425,2025-03-29 Stade de Reims-Marseille,Stade de Reims,Yehvann Diouf,True,Goalkeeper,1,start,end,1.0,0.0,0.0,0.0,0.0,0.0,0.0,1.0,5.0,19.0,0.0,0.0,0.0,0.0,
FRA-Ligue 1,2425,2025-03-30 AJ Auxerre-Montpellier,AJ Auxerre,Donovan Léon,True,Goalkeeper,1,start,end,1.0,0.0,0.0,0.0,0.0,0.0,0.0,0.0,1.0,12.0,0.0,0.0,0.0,0.0,
FRA-Ligue 1,2425,2025-03-30 AJ Auxerre-Montpellier,Montpellier,Benjamin Lecomte,False,Goalkeeper,1,start,end,1.0,0.0,0.0,0.0,0.0,0.0,0.0,1.0,5.0,19.0,0.0,0.0,0.0,0.0,
FRA-Ligue 1,2425,2025-03-30 Angers-Stade Rennais,Angers,Yahia Fofana,True,Goalkeeper,1,start,end,1.0,0.0,1.0,0.0,0.0,0.0,0.0,3.0,3.0,11.0,0.0,0.0,0.0,0.0,
FRA-Ligue 1,2425,2025-03-30 Angers-Stade Rennais,Stade Rennais,Brice Samba,False,Goalkeeper,1,start,end,1.0,0.0,0.0,0.0,0.0,0.0,0.0,0.0,4.0,9.0,0.0,0.0,0.0,0.0,
FRA-Ligue 1,2425,2025-03-30 Le Havre AC-Nantes,Le Havre AC,Arthur Desmas,True,Goalkeeper,1,start,end,1.0,0.0,0.0,0.0,0.0,0.0,0.0,2.0,0.0,5.0,0.0,0.0,0.0,0.0,
FRA-Ligue 1,2425,2025-03-30 Le Havre AC-Nantes,Nantes,Anthony Lopes,False,Goalkeeper,1,start,end,1.0,0.0,1.0,0.0,0.0,0.0,0.0,3.0,2.0,12.0,0.0,0.0,0.0,0.0,
FRA-Ligue 1,2425,2025-03-30 Lille-Lens,Lens,Mathew Ryan,False,Goalkeeper,1,start,end,1.0,0.0,0.0,0.0,0.0,0.0,0.0,1.0,4.0,10.0,0.0,0.0,0.0,0.0,
FRA-Ligue 1,2425,2025-03-30 Lille-Lens,Lille,Lucas Chevalier,True,Goalkeeper,1,start,end,1.0,0.0,0.0,0.0,0.0,0.0,0.0,0.0,1.0,5.0,0.0,0.0,0.0,0.0,
FRA-Ligue 1,2425,2025-03-30 Toulouse-Brest,Brest,Marco Bizot,False,Goalkeeper,1,start,end,1.0,0.0,1.0,0.0,0.0,0.0,1.0,2.0,2.0,14.0,0.0,0.0,0.0,0.0,
FRA-Ligue 1,2425,2025-03-30 Toulouse-Brest,Toulouse,Guillaume Restes,True,Goalkeeper,1,start,end,1.0,0.0,0.0,0.0,0.0,0.0,0.0,4.0,1.0,6.0,0.0,0.0,0.0,0.0,
FRA-Ligue 1,2425,2025-04-04 Nice-Nantes,Nantes,Anthony Lopes,False,Goalkeeper,1,start,end,1.0,0.0,0.0,0.0,0.0,0.0,0.0,1.0,8.0,18.0,0.0,0.0,0.0,0.0,
FRA-Ligue 1,2425,2025-04-04 Nice-Nantes,Nice,Marcin Bulka,True,Goalkeeper,1,start,end,1.0,0.0,0.0,0.0,0.0,0.0,0.0,2.0,2.0,6.0,0.0,0.0,0.0,0.0,
FRA-Ligue 1,2425,2025-04-05 Brest-AS Monaco,AS Monaco,Philipp Köhn,False,Goalkeeper,1,start,end,1.0,0.0,0.0,0.0,0.0,0.0,0.0,2.0,3.0,11.0,0.0,0.0,0.0,0.0,
FRA-Ligue 1,2425,2025-04-05 Brest-AS Monaco,Brest,Marco Bizot,True,Goalkeeper,1,start,end,1.0,0.0,0.0,0.0,0.0,0.0,0.0,1.0,1.0,9.0,0.0,0.0,0.0,0.0,
FRA-Ligue 1,2425,2025-04-05 Lyon-Lille,Lille,Lucas Chevalier,False,Goalkeeper,1,start,end,1.0,0.0,0.0,0.0,0.0,0.0,0.0,2.0,2.0,8.0,0.0,0.0,0.0,0.0,
FRA-Ligue 1,2425,2025-04-05 Lyon-Lille,Lyon,Lucas Perri,True,Goalkeeper,1,start,end,1.0,0.0,0.0,0.0,0.0,0.0,0.0,1.0,3.0,9.0,0.0,0.0,0.0,0.0,
FRA-Ligue 1,2425,2025-04-05 Paris Saint-Germain-Angers,Angers,Yahia Fofana,False,Goalkeeper,1,start,end,1.0,0.0,0.0,0.0,0.0,0.0,0.0,1.0,5.0,18.0,0.0,0.0,0.0,0.0,
FRA-Ligue 1,2425,2025-04-05 Paris Saint-Germain-Angers,Paris Saint-Germain,Gianluigi Donnarumma,True,Goalkeeper,1,start,end,1.0,0.0,0.0,0.0,0.0,0.0,0.0,0.0,0.0,5.0,0.0,0.0,0.0,0.0,
FRA-Ligue 1,2425,2025-04-06 Lens-Saint-Étienne,Lens,Mathew Ryan,True,Goalkeeper,1,start,end,1.0,0.0,0.0,0.0,0.0,0.0,0.0,0.0,2.0,7.0,0.0,0.0,0.0,0.0,
FRA-Ligue 1,2425,2025-04-06 Lens-Saint-Étienne,Saint-Étienne,Gautier Larsonneur,False,Goalkeeper,1,start,end,1.0,0.0,1.0,0.0,0.0,0.0,0.0,1.0,4.0,18.0,0.0,0.0,0.0,0.0,
FRA-Ligue 1,2425,2025-04-06 Marseille-Toulouse,Marseille,Gerónimo Rulli,True,Goalkeeper,1,start,end,1.0,0.0,1.0,0.0,0.0,0.0,0.0,2.0,1.0,6.0,0.0,0.0,0.0,0.0,
FRA-Ligue 1,2425,2025-04-06 Marseille-Toulouse,Toulouse,Guillaume Restes,False,Goalkeeper,1,start,end,1.0,0.0,0.0,0.0,0.0,0.0,0.0,3.0,2.0,7.0,0.0,0.0,0.0,0.0,
FRA-Ligue 1,2425,2025-04-06 Montpellier-Le Havre AC,Le Havre AC,Mathieu Gorgelin,False,Goalkeeper,1,start,end,1.0,0.0,0.0,0.0,0.0,0.0,1.0,0.0,6.0,14.0,0.0,0.0,0.0,0.0,
FRA-Ligue 1,2425,2025-04-06 Montpellier-Le Havre AC,Montpellier,Benjamin Lecomte,True,Goalkeeper,1,start,end,1.0,0.0,0.0,0.0,0.0,0.0,0.0,2.0,2.0,12.0,0.0,0.0,0.0,0.0,
FRA-Ligue 1,2425,2025-04-06 Stade Rennais-AJ Auxerre,AJ Auxerre,Donovan Léon,False,Goalkeeper,1,start,end,1.0,0.0,0.0,0.0,0.0,0.0,0.0,0.0,5.0,18.0,0.0,0.0,0.0,0.0,
FRA-Ligue 1,2425,2025-04-06 Stade Rennais-AJ Auxerre,Stade Rennais,Brice Samba,True,Goalkeeper,1,start,end,1.0,0.0,0.0,0.0,0.0,0.0,0.0,1.0,2.0,11.0,0.0,0.0,0.0,0.0,
FRA-Ligue 1,2425,2025-04-06 Stade de Reims-Strasbourg,Stade de Reims,Yehvann Diouf,True,Goalkeeper,1,start,end,1.0,0.0,0.0,0.0,0.0,0.0,0.0,1.0,3.0,12.0,0.0,0.0,0.0,0.0,
FRA-Ligue 1,2425,2025-04-06 Stade de Reims-Strasbourg,Strasbourg,Djordje Petrovic,False,Goalkeeper,1,start,end,1.0,0.0,0.0,0.0,0.0,0.0,0.0,0.0,6.0,14.0,0.0,0.0,0.0,0.0,
FRA-Ligue 1,2425,2025-04-11 Lens-Stade de Reims,Lens,Mathew Ryan,True,Goalkeeper,1,start,end,1.0,0.0,0.0,0.0,0.0,0.0,0.0,2.0,0.0,8.0,0.0,0.0,0.0,0.0,
FRA-Ligue 1,2425,2025-04-11 Lens-Stade de Reims,Stade de Reims,Yehvann Diouf,False,Goalkeeper,1,start,end,1.0,0.0,0.0,0.0,0.0,0.0,0.0,0.0,14.0,37.0,0.0,0.0,0.0,0.0,
FRA-Ligue 1,2425,2025-04-12 AS Monaco-Marseille,AS Monaco,Philipp Köhn,True,Goalkeeper,1,start,end,1.0,0.0,0.0,0.0,0.0,0.0,0.0,0.0,4.0,7.0,0.0,0.0,0.0,0.0,
FRA-Ligue 1,2425,2025-04-12 AS Monaco-Marseille,Marseille,Gerónimo Rulli,False,Goalkeeper,1,start,end,1.0,1.0,2.0,0.0,0.0,0.0,0.0,3.0,7.0,12.0,0.0,0.0,0.0,0.0,
FRA-Ligue 1,2425,2025-04-12 Strasbourg-Nice,Nice,Marcin Bulka,False,Goalkeeper,1,start,end,1.0,0.0,0.0,0.0,0.0,0.0,0.0,2.0,2.0,9.0,0.0,0.0,0.0,0.0,
FRA-Ligue 1,2425,2025-04-12 Strasbourg-Nice,Strasbourg,Djordje Petrovic,True,Goalkeeper,1,start,end,1.0,0.0,0.0,0.0,0.0,0.0,0.0,2.0,4.0,21.0,0.0,0.0,0.0,0.0,
FRA-Ligue 1,2425,2025-04-12 Toulouse-Lille,Lille,Lucas Chevalier,False,Goalkeeper,1,start,end,1.0,0.0,1.0,0.0,0.0,0.0,0.0,1.0,4.0,8.0,0.0,0.0,0.0,0.0,
FRA-Ligue 1,2425,2025-04-12 Toulouse-Lille,Toulouse,Guillaume Restes,True,Goalkeeper,1,start,end,1.0,0.0,0.0,0.0,0.0,0.0,0.0,2.0,1.0,4.0,0.0,0.0,0.0,0.0,
FRA-Ligue 1,2425,2025-04-13 AJ Auxerre-Lyon,AJ Auxerre,Donovan Léon,True,Goalkeeper,1,start,end,1.0,1.0,0.0,0.0,0.0,0.0,1.0,3.0,4.0,10.0,0.0,0.0,0.0,0.0,
FRA-Ligue 1,2425,2025-04-13 AJ Auxerre-Lyon,Lyon,Lucas Perri,False,Goalkeeper,1,start,end,1.0,0.0,0.0,0.0,0.0,0.0,0.0,1.0,1.0,13.0,0.0,0.0,0.0,0.0,
FRA-Ligue 1,2425,2025-04-13 Angers-Montpellier,Angers,Yahia Fofana,True,Goalkeeper,1,start,end,1.0,0.0,1.0,0.0,0.0,0.0,0.0,0.0,2.0,5.0,0.0,0.0,0.0,0.0,
FRA-Ligue 1,2425,2025-04-13 Angers-Montpellier,Montpellier,Benjamin Lecomte,False,Goalkeeper,1,start,end,1.0,0.0,0.0,0.0,0.0,0.0,0.0,2.0,2.0,8.0,0.0,0.0,0.0,0.0,
FRA-Ligue 1,2425,2025-04-13 Le Havre AC-Stade Rennais,Le Havre AC,Mathieu Gorgelin,True,Goalkeeper,1,start,end,1.0,0.0,0.0,0.0,0.0,0.0,0.0,5.0,1.0,5.0,0.0,0.0,0.0,0.0,
FRA-Ligue 1,2425,2025-04-13 Le Havre AC-Stade Rennais,Stade Rennais,Brice Samba,False,Goalkeeper,1,start,end,1.0,0.0,0.0,0.0,0.0,0.0,0.0,1.0,1.0,10.0,0.0,0.0,0.0,0.0,
FRA-Ligue 1,2425,2025-04-13 Saint-Étienne-Brest,Brest,Marco Bizot,False,Goalkeeper,1,start,end,1.0,0.0,0.0,0.0,0.0,0.0,1.0,3.0,1.0,6.0,0.0,0.0,0.0,0.0,
FRA-Ligue 1,2425,2025-04-13 Saint-Étienne-Brest,Saint-Étienne,Gautier Larsonneur,True,Goalkeeper,1,start,end,1.0,0.0,2.0,0.0,0.0,0.0,1.0,3.0,2.0,12.0,0.0,0.0,0.0,0.0,
FRA-Ligue 1,2425,2025-04-18 Stade Rennais-Nantes,Nantes,Anthony Lopes,False,Goalkeeper,1,start,34,1.0,1.0,0.0,0.0,0.0,0.0,1.0,1.0,2.0,6.0,0.0,0.0,0.0,0.0,
FRA-Ligue 1,2425,2025-04-18 Stade Rennais-Nantes,Stade Rennais,Brice Samba,True,Goalkeeper,1,start,end,1.0,0.0,0.0,0.0,0.0,0.0,0.0,1.0,0.0,3.0,0.0,0.0,0.0,0.0,
FRA-Ligue 1,2425,2025-04-19 AS Monaco-Strasbourg,AS Monaco,Philipp Köhn,True,Goalkeeper,1,start,end,1.0,0.0,0.0,0.0,0.0,0.0,0.0,0.0,3.0,5.0,0.0,0.0,0.0,0.0,
FRA-Ligue 1,2425,2025-04-19 AS Monaco-Strasbourg,Strasbourg,Djordje Petrovic,False,Goalkeeper,1,start,end,1.0,0.0,0.0,0.0,0.0,0.0,0.0,0.0,4.0,12.0,0.0,0.0,0.0,0.0,
FRA-Ligue 1,2425,2025-04-19 Marseille-Montpellier,Marseille,Gerónimo Rulli,True,Goalkeeper,1,start,end,1.0,0.0,1.0,0.0,0.0,0.0,0.0,1.0,0.0,5.0,0.0,0.0,0.0,0.0,
FRA-Ligue 1,2425,2025-04-19 Marseille-Montpellier,Montpellier,Benjamin Lecomte,False,Goalkeeper,1,start,end,1.0,0.0,0.0,0.0,0.0,0.0,0.0,5.0,3.0,15.0,0.0,0.0,0.0,0.0,
FRA-Ligue 1,2425,2025-04-19 Paris Saint-Germain-Le Havre AC,Le Havre AC,Mathieu Gorgelin,False,Goalkeeper,1,start,end,1.0,0.0,0.0,0.0,0.0,0.0,0.0,2.0,9.0,16.0,0.0,0.0,0.0,0.0,
FRA-Ligue 1,2425,2025-04-19 Paris Saint-Germain-Le Havre AC,Paris Saint-Germain,Matvei Safonov,True,Goalkeeper,1,start,end,1.0,0.0,0.0,0.0,0.0,0.0,0.0,1.0,0.0,8.0,0.0,0.0,0.0,0.0,
FRA-Ligue 1,2425,2025-04-20 Brest-Lens,Brest,Marco Bizot,True,Goalkeeper,1,start,end,1.0,0.0,0.0,0.0,0.0,0.0,0.0,3.0,6.0,12.0,0.0,0.0,0.0,0.0,
FRA-Ligue 1,2425,2025-04-20 Brest-Lens,Lens,Mathew Ryan,False,Goalkeeper,1,start,end,1.0,0.0,0.0,0.0,0.0,0.0,0.0,1.0,4.0,9.0,0.0,0.0,0.0,0.0,
FRA-Ligue 1,2425,2025-04-20 Lille-AJ Auxerre,AJ Auxerre,Donovan Léon,False,Goalkeeper,1,start,end,1.0,0.0,0.0,0.0,0.0,0.0,0.0,3.0,6.0,12.0,0.0,0.0,0.0,0.0,
FRA-Ligue 1,2425,2025-04-20 Lille-AJ Auxerre,Lille,Lucas Chevalier,True,Goalkeeper,1,start,end,1.0,0.0,1.0,0.0,0.0,0.0,0.0,1.0,3.0,6.0,0.0,0.0,0.0,0.0,
FRA-Ligue 1,2425,2025-04-20 Nice-Angers,Angers,Yahia Fofana,False,Goalkeeper,1,start,end,1.0,0.0,0.0,0.0,0.0,0.0,0.0,2.0,6.0,20.0,0.0,0.0,0.0,0.0,
FRA-Ligue 1,2425,2025-04-20 Nice-Angers,Nice,Marcin Bulka,True,Goalkeeper,1,start,end,1.0,0.0,0.0,0.0,0.0,0.0,0.0,1.0,2.0,4.0,0.0,0.0,0.0,0.0,
FRA-Ligue 1,2425,2025-04-20 Saint-Étienne-Lyon,Lyon,Rémy Descamps,False,Goalkeeper,1,start,end,1.0,0.0,0.0,0.0,0.0,0.0,0.0,2.0,4.0,16.0,0.0,0.0,0.0,0.0,
FRA-Ligue 1,2425,2025-04-20 Saint-Étienne-Lyon,Saint-Étienne,Gautier Larsonneur,True,Goalkeeper,1,start,end,1.0,0.0,1.0,0.0,0.0,0.0,0.0,1.0,1.0,14.0,0.0,0.0,0.0,0.0,
FRA-Ligue 1,2425,2025-04-20 Stade de Reims-Toulouse,Stade de Reims,Yehvann Diouf,True,Goalkeeper,1,start,end,1.0,0.0,1.0,0.0,0.0,0.0,0.0,0.0,5.0,18.0,0.0,0.0,0.0,0.0,
FRA-Ligue 1,2425,2025-04-20 Stade de Reims-Toulouse,Toulouse,Guillaume Restes,False,Goalkeeper,1,start,end,1.0,0.0,0.0,0.0,0.0,0.0,0.0,1.0,1.0,7.0,0.0,0.0,0.0,0.0,
FRA-Ligue 1,2425,2025-04-22 Nantes-Paris Saint-Germain,Nantes,Patrick Carlgren,True,Goalkeeper,1,start,end,1.0,0.0,0.0,0.0,0.0,0.0,0.0,1.0,4.0,9.0,0.0,0.0,0.0,0.0,
FRA-Ligue 1,2425,2025-04-22 Nantes-Paris Saint-Germain,Paris Saint-Germain,Gianluigi Donnarumma,False,Goalkeeper,1,start,end,1.0,0.0,0.0,0.0,0.0,0.0,0.0,1.0,1.0,6.0,0.0,0.0,0.0,0.0,
FRA-Ligue 1,2425,2025-04-25 Paris Saint-Germain-Nice,Nice,Marcin Bulka,False,Goalkeeper,1,start,end,1.0,0.0,0.0,0.0,0.0,0.0,0.0,1.0,12.0,29.0,0.0,0.0,0.0,0.0,
FRA-Ligue 1,2425,2025-04-25 Paris Saint-Germain-Nice,Paris Saint-Germain,Gianluigi Donnarumma,True,Goalkeeper,1,start,end,1.0,0.0,1.0,0.0,0.0,0.0,0.0,3.0,0.0,3.0,0.0,0.0,0.0,0.0,
FRA-Ligue 1,2425,2025-04-26 Le Havre AC-AS Monaco,AS Monaco,Philipp Köhn,False,Goalkeeper,1,start,end,1.0,0.0,0.0,0.0,0.0,0.0,0.0,1.0,2.0,8.0,0.0,0.0,0.0,0.0,
FRA-Ligue 1,2425,2025-04-26 Le Havre AC-AS Monaco,Le Havre AC,Mathieu Gorgelin,True,Goalkeeper,1,start,end,1.0,0.0,1.0,0.0,0.0,0.0,0.0,1.0,6.0,19.0,0.0,0.0,0.0,0.0,
FRA-Ligue 1,2425,2025-04-26 Lyon-Stade Rennais,Lyon,Lucas Perri,True,Goalkeeper,1,start,end,1.0,0.0,0.0,0.0,0.0,0.0,0.0,1.0,3.0,9.0,0.0,0.0,0.0,0.0,
FRA-Ligue 1,2425,2025-04-26 Lyon-Stade Rennais,Stade Rennais,Brice Samba,False,Goalkeeper,1,start,end,1.0,0.0,0.0,0.0,0.0,0.0,0.0,4.0,4.0,8.0,0.0,0.0,0.0,0.0,
FRA-Ligue 1,2425,2025-04-26 Strasbourg-Saint-Étienne,Saint-Étienne,Gautier Larsonneur,False,Goalkeeper,1,start,end,1.0,0.0,0.0,0.0,0.0,0.0,0.0,3.0,4.0,14.0,0.0,0.0,0.0,0.0,
FRA-Ligue 1,2425,2025-04-26 Strasbourg-Saint-Étienne,Strasbourg,Djordje Petrovic,True,Goalkeeper,1,start,end,1.0,0.0,0.0,0.0,0.0,0.0,0.0,1.0,5.0,16.0,0.0,0.0,0.0,0.0,
FRA-Ligue 1,2425,2025-04-27 Angers-Lille,Angers,Yahia Fofana,True,Goalkeeper,1,start,end,1.0,0.0,1.0,0.0,0.0,0.0,0.0,2.0,3.0,7.0,0.0,0.0,0.0,0.0,
FRA-Ligue 1,2425,2025-04-27 Angers-Lille,Lille,Lucas Chevalier,False,Goalkeeper,1,start,end,1.0,0.0,1.0,0.0,0.0,0.0,0.0,0.0,3.0,6.0,0.0,0.0,0.0,0.0,
FRA-Ligue 1,2425,2025-04-27 Lens-AJ Auxerre,AJ Auxerre,Donovan Léon,False,Goalkeeper,1,start,end,1.0,0.0,0.0,0.0,0.0,0.0,1.0,0.0,6.0,15.0,0.0,0.0,0.0,0.0,
FRA-Ligue 1,2425,2025-04-27 Lens-AJ Auxerre,Lens,Mathew Ryan,True,Goalkeeper,1,start,end,1.0,0.0,0.0,0.0,0.0,0.0,0.0,4.0,4.0,8.0,0.0,0.0,0.0,0.0,
FRA-Ligue 1,2425,2025-04-27 Marseille-Brest,Brest,Grégoire Coudert,False,Goalkeeper,1,start,end,1.0,0.0,0.0,0.0,0.0,0.0,0.0,4.0,3.0,8.0,0.0,0.0,0.0,0.0,
FRA-Ligue 1,2425,2025-04-27 Marseille-Brest,Marseille,Gerónimo Rulli,True,Goalkeeper,1,start,end,1.0,0.0,0.0,0.0,0.0,0.0,0.0,1.0,3.0,8.0,0.0,0.0,0.0,0.0,
FRA-Ligue 1,2425,2025-04-27 Montpellier-Stade de Reims,Montpellier,Benjamin Lecomte,True,Goalkeeper,1,start,end,1.0,0.0,0.0,0.0,0.0,0.0,0.0,0.0,3.0,8.0,0.0,0.0,0.0,0.0,
FRA-Ligue 1,2425,2025-04-27 Montpellier-Stade de Reims,Stade de Reims,Yehvann Diouf,False,Goalkeeper,1,start,end,1.0,0.0,0.0,0.0,0.0,0.0,0.0,0.0,2.0,12.0,0.0,0.0,0.0,0.0,
FRA-Ligue 1,2425,2025-04-27 Nantes-Toulouse,Nantes,Anthony Lopes,True,Goalkeeper,1,start,end,1.0,0.0,2.0,0.0,0.0,0.0,0.0,0.0,2.0,6.0,0.0,0.0,0.0,0.0,
FRA-Ligue 1,2425,2025-04-27 Nantes-Toulouse,Toulouse,Guillaume Restes,False,Goalkeeper,1,start,end,1.0,0.0,0.0,0.0,0.0,0.0,0.0,0.0,3.0,9.0,0.0,0.0,0.0,0.0,
FRA-Ligue 1,2425,2025-05-02 Nice-Stade de Reims,Nice,Marcin Bulka,True,Goalkeeper,1,start,end,1.0,0.0,0.0,0.0,0.0,0.0,0.0,0.0,3.0,14.0,0.0,0.0,0.0,0.0,
FRA-Ligue 1,2425,2025-05-02 Nice-Stade de Reims,Stade de Reims,Yehvann Diouf,False,Goalkeeper,1,start,end,1.0,0.0,0.0,0.0,0.0,0.0,0.0,1.0,1.0,6.0,0.0,0.0,0.0,0.0,
FRA-Ligue 1,2425,2025-05-03 Saint-Étienne-AS Monaco,AS Monaco,Philipp Köhn,False,Goalkeeper,1,start,end,1.0,0.0,0.0,0.0,0.0,0.0,0.0,1.0,0.0,10.0,0.0,0.0,0.0,0.0,
FRA-Ligue 1,2425,2025-05-03 Saint-Étienne-AS Monaco,Saint-Étienne,Gautier Larsonneur,True,Goalkeeper,1,start,end,1.0,0.0,1.0,0.0,0.0,0.0,0.0,3.0,3.0,9.0,0.0,0.0,0.0,0.0,
FRA-Ligue 1,2425,2025-05-03 Strasbourg-Paris Saint-Germain,Paris Saint-Germain,Matvei Safonov,False,Goalkeeper,1,start,end,1.0,0.0,0.0,0.0,0.0,0.0,0.0,2.0,1.0,8.0,0.0,0.0,0.0,0.0,
FRA-Ligue 1,2425,2025-05-03 Strasbourg-Paris Saint-Germain,Strasbourg,Djordje Petrovic,True,Goalkeeper,1,start,end,1.0,0.0,0.0,0.0,0.0,0.0,0.0,1.0,3.0,19.0,0.0,0.0,0.0,0.0,
FRA-Ligue 1,2425,2025-05-03 Toulouse-Stade Rennais,Stade Rennais,Brice Samba,False,Goalkeeper,1,start,end,1.0,0.0,0.0,0.0,0.0,0.0,0.0,2.0,1.0,7.0,0.0,0.0,0.0,0.0,
FRA-Ligue 1,2425,2025-05-03 Toulouse-Stade Rennais,Toulouse,Guillaume Restes,True,Goalkeeper,1,start,end,1.0,0.0,0.0,0.0,0.0,0.0,1.0,1.0,5.0,15.0,1.0,0.0,0.0,0.0,
FRA-Ligue 1,2425,2025-05-04 AJ Auxerre-Le Havre AC,AJ Auxerre,Donovan Léon,True,Goalkeeper,1,start,end,1.0,0.0,0.0,0.0,0.0,0.0,0.0,2.0,4.0,10.0,0.0,0.0,0.0,0.0,
FRA-Ligue 1,2425,2025-05-04 AJ Auxerre-Le Havre AC,Le Havre AC,Mathieu Gorgelin,False,Goalkeeper,1,start,end,1.0,0.0,0.0,0.0,0.0,0.0,0.0,1.0,0.0,3.0,0.0,0.0,0.0,0.0,
FRA-Ligue 1,2425,2025-05-04 Brest-Montpellier,Brest,Marco Bizot,True,Goalkeeper,1,start,end,1.0,0.0,0.0,0.0,0.0,0.0,0.0,0.0,1.0,6.0,0.0,0.0,0.0,0.0,
FRA-Ligue 1,2425,2025-05-04 Brest-Montpellier,Montpellier,Benjamin Lecomte,False,Goalkeeper,1,start,end,1.0,0.0,0.0,0.0,0.0,0.0,0.0,1.0,4.0,14.0,0.0,0.0,0.0,0.0,
FRA-Ligue 1,2425,2025-05-04 Lille-Marseille,Lille,Lucas Chevalier,True,Goalkeeper,1,start,end,1.0,0.0,0.0,0.0,0.0,0.0,0.0,1.0,5.0,12.0,0.0,0.0,0.0,0.0,
FRA-Ligue 1,2425,2025-05-04 Lille-Marseille,Marseille,Gerónimo Rulli,False,Goalkeeper,1,start,end,1.0,0.0,0.0,0.0,0.0,0.0,0.0,1.0,0.0,4.0,0.0,0.0,0.0,0.0,
FRA-Ligue 1,2425,2025-05-04 Lyon-Lens,Lens,Mathew Ryan,False,Goalkeeper,1,start,end,1.0,0.0,0.0,0.0,0.0,0.0,0.0,1.0,3.0,17.0,0.0,0.0,0.0,0.0,
FRA-Ligue 1,2425,2025-05-04 Lyon-Lens,Lyon,Lucas Perri,True,Goalkeeper,1,start,end,1.0,0.0,0.0,0.0,0.0,0.0,0.0,2.0,1.0,6.0,0.0,0.0,0.0,0.0,
FRA-Ligue 1,2425,2025-05-04 Nantes-Angers,Angers,Yahia Fofana,False,Goalkeeper,1,start,end,1.0,0.0,0.0,0.0,0.0,0.0,0.0,0.0,3.0,9.0,0.0,0.0,0.0,0.0,
FRA-Ligue 1,2425,2025-05-04 Nantes-Angers,Nantes,Anthony Lopes,True,Goalkeeper,1,start,end,1.0,0.0,0.0,0.0,0.0,0.0,0.0,1.0,1.0,13.0,0.0,0.0,0.0,0.0,
FRA-Ligue 1,2425,2025-05-10 AJ Auxerre-Nantes,AJ Auxerre,Donovan Léon,True,Goalkeeper,1,start,end,1.0,0.0,0.0,0.0,0.0,0.0,0.0,1.0,1.0,6.0,0.0,0.0,0.0,0.0,
FRA-Ligue 1,2425,2025-05-10 AJ Auxerre-Nantes,Nantes,Anthony Lopes,False,Goalkeeper,1,start,end,1.0,0.0,2.0,0.0,0.0,0.0,0.0,1.0,2.0,8.0,0.0,0.0,0.0,0.0,
FRA-Ligue 1,2425,2025-05-10 AS Monaco-Lyon,AS Monaco,Philipp Köhn,True,Goalkeeper,1,start,end,1.0,0.0,0.0,0.0,0.0,0.0,0.0,0.0,4.0,9.0,0.0,0.0,0.0,0.0,
FRA-Ligue 1,2425,2025-05-10 AS Monaco-Lyon,Lyon,Lucas Perri,False,Goalkeeper,1,start,end,1.0,0.0,0.0,0.0,0.0,0.0,0.0,2.0,3.0,9.0,0.0,0.0,0.0,0.0,
FRA-Ligue 1,2425,2025-05-10 Angers-Strasbourg,Angers,Yahia Fofana,True,Goalkeeper,1,start,end,1.0,0.0,1.0,0.0,0.0,0.0,1.0,1.0,3.0,14.0,0.0,0.0,0.0,0.0,
FRA-Ligue 1,2425,2025-05-10 Angers-Strasbourg,Strasbourg,Djordje Petrovic,False,Goalkeeper,1,start,end,1.0,0.0,0.0,0.0,0.0,0.0,0.0,2.0,0.0,3.0,0.0,0.0,0.0,0.0,
FRA-Ligue 1,2425,2025-05-10 Brest-Lille,Brest,Marco Bizot,True,Goalkeeper,1,start,end,1.0,0.0,1.0,0.0,0.0,0.0,0.0,0.0,2.0,18.0,0.0,0.0,0.0,0.0,
FRA-Ligue 1,2425,2025-05-10 Brest-Lille,Lille,Lucas Chevalier,False,Goalkeeper,1,start,end,1.0,0.0,0.0,0.0,0.0,0.0,0.0,2.0,2.0,9.0,0.0,0.0,0.0,0.0,
FRA-Ligue 1,2425,2025-05-10 Le Havre AC-Marseille,Le Havre AC,Mathieu Gorgelin,True,Goalkeeper,1,start,end,1.0,0.0,0.0,0.0,0.0,0.0,0.0,3.0,2.0,19.0,0.0,0.0,0.0,0.0,
FRA-Ligue 1,2425,2025-05-10 Le Havre AC-Marseille,Marseille,Gerónimo Rulli,False,Goalkeeper,1,start,end,1.0,0.0,0.0,0.0,0.0,0.0,0.0,1.0,2.0,9.0,0.0,0.0,0.0,0.0,
FRA-Ligue 1,2425,2025-05-10 Montpellier-Paris Saint-Germain,Montpellier,Benjamin Lecomte,True,Goalkeeper,1,start,end,1.0,0.0,0.0,0.0,0.0,0.0,0.0,4.0,4.0,6.0,0.0,0.0,0.0,0.0,
FRA-Ligue 1,2425,2025-05-10 Montpellier-Paris Saint-Germain,Paris Saint-Germain,Arnau Tenas,False,Goalkeeper,1,start,end,1.0,0.0,0.0,0.0,0.0,0.0,0.0,1.0,3.0,8.0,1.0,0.0,0.0,0.0,
FRA-Ligue 1,2425,2025-05-10 Stade Rennais-Nice,Nice,Marcin Bulka,False,Goalkeeper,1,start,end,1.0,0.0,0.0,0.0,0.0,0.0,0.0,2.0,2.0,8.0,0.0,0.0,0.0,0.0,
FRA-Ligue 1,2425,2025-05-10 Stade Rennais-Nice,Stade Rennais,Brice Samba,True,Goalkeeper,1,start,end,1.0,0.0,0.0,0.0,0.0,0.0,0.0,0.0,6.0,14.0,0.0,0.0,0.0,0.0,
FRA-Ligue 1,2425,2025-05-10 Stade de Reims-Saint-Étienne,Saint-Étienne,Gautier Larsonneur,False,Goalkeeper,1,start,end,1.0,0.0,0.0,0.0,0.0,0.0,0.0,0.0,3.0,19.0,0.0,0.0,0.0,0.0,
FRA-Ligue 1,2425,2025-05-10 Stade de Reims-Saint-Étienne,Stade de Reims,Yehvann Diouf,True,Goalkeeper,1,start,end,1.0,0.0,0.0,0.0,0.0,0.0,0.0,2.0,2.0,7.0,0.0,0.0,0.0,0.0,
FRA-Ligue 1,2425,2025-05-10 Toulouse-Lens,Lens,Mathew Ryan,False,Goalkeeper,1,start,end,1.0,0.0,0.0,0.0,0.0,0.0,0.0,1.0,5.0,7.0,0.0,0.0,0.0,0.0,
FRA-Ligue 1,2425,2025-05-10 Toulouse-Lens,Toulouse,Guillaume Restes,True,Goalkeeper,1,start,end,1.0,0.0,0.0,0.0,0.0,0.0,0.0,1.0,1.0,11.0,0.0,0.0,0.0,0.0,
FRA-Ligue 1,2425,2025-05-17 Lens-AS Monaco,AS Monaco,Philipp Köhn,False,Goalkeeper,1,start,end,1.0,0.0,0.0,0.0,0.0,0.0,0.0,4.0,1.0,10.0,0.0,0.0,0.0,0.0,
FRA-Ligue 1,2425,2025-05-17 Lens-AS Monaco,Lens,Mathew Ryan,True,Goalkeeper,1,start,end,1.0,0.0,0.0,0.0,0.0,0.0,0.0,0.0,4.0,5.0,0.0,0.0,0.0,0.0,
FRA-Ligue 1,2425,2025-05-17 Lille-Stade de Reims,Lille,Lucas Chevalier,True,Goalkeeper,1,start,end,1.0,0.0,0.0,0.0,0.0,0.0,0.0,1.0,1.0,4.0,0.0,0.0,0.0,0.0,
FRA-Ligue 1,2425,2025-05-17 Lille-Stade de Reims,Stade de Reims,Yehvann Diouf,False,Goalkeeper,1,start,end,1.0,0.0,0.0,0.0,0.0,0.0,0.0,2.0,3.0,17.0,0.0,0.0,0.0,0.0,
FRA-Ligue 1,2425,2025-05-17 Lyon-Angers,Angers,Melvin Zinga,False,Goalkeeper,1,start,end,1.0,1.0,0.0,0.0,0.0,0.0,0.0,2.0,2.0,19.0,0.0,0.0,0.0,0.0,
FRA-Ligue 1,2425,2025-05-17 Lyon-Angers,Lyon,Lucas Perri,True,Goalkeeper,1,start,end,1.0,0.0,0.0,0.0,0.0,0.0,0.0,0.0,3.0,12.0,0.0,0.0,0.0,0.0,
FRA-Ligue 1,2425,2025-05-17 Marseille-Stade Rennais,Marseille,Gerónimo Rulli,True,Goalkeeper,1,start,end,1.0,0.0,1.0,0.0,0.0,0.0,0.0,2.0,1.0,7.0,0.0,0.0,0.0,0.0,
FRA-Ligue 1,2425,2025-05-17 Marseille-Stade Rennais,Stade Rennais,Brice Samba,False,Goalkeeper,1,start,94,1.0,0.0,0.0,0.0,0.0,0.0,0.0,4.0,5.0,13.0,0.0,0.0,0.0,0.0,
FRA-Ligue 1,2425,2025-05-17 Nantes-Montpellier,Montpellier,Dimitry Bertaud,False,Goalkeeper,1,start,end,1.0,0.0,0.0,0.0,0.0,0.0,0.0,3.0,2.0,16.0,0.0,0.0,0.0,0.0,
FRA-Ligue 1,2425,2025-05-17 Nantes-Montpellier,Nantes,Anthony Lopes,True,Goalkeeper,1,start,end,1.0,0.0,1.0,0.0,0.0,0.0,0.0,0.0,0.0,10.0,0.0,0.0,0.0,0.0,
FRA-Ligue 1,2425,2025-05-17 Nice-Brest,Brest,Marco Bizot,False,Goalkeeper,1,start,end,1.0,0.0,0.0,0.0,0.0,0.0,0.0,6.0,3.0,12.0,0.0,0.0,0.0,0.0,
FRA-Ligue 1,2425,2025-05-17 Nice-Brest,Nice,Marcin Bulka,True,Goalkeeper,1,start,end,1.0,0.0,1.0,0.0,0.0,0.0,0.0,0.0,1.0,10.0,0.0,0.0,0.0,0.0,
FRA-Ligue 1,2425,2025-05-17 Paris Saint-Germain-AJ Auxerre,AJ Auxerre,Donovan Léon,False,Goalkeeper,1,start,end,1.0,0.0,0.0,0.0,0.0,0.0,0.0,3.0,5.0,17.0,0.0,0.0,0.0,0.0,
FRA-Ligue 1,2425,2025-05-17 Paris Saint-Germain-AJ Auxerre,Paris Saint-Germain,Gianluigi Donnarumma,True,Goalkeeper,1,start,end,1.0,0.0,0.0,0.0,0.0,0.0,0.0,1.0,1.0,6.0,0.0,0.0,0.0,0.0,
FRA-Ligue 1,2425,2025-05-17 Saint-Étienne-Toulouse,Saint-Étienne,Gautier Larsonneur,True,Goalkeeper,1,start,end,1.0,0.0,0.0,0.0,0.0,0.0,0.0,3.0,5.0,14.0,0.0,0.0,0.0,0.0,
FRA-Ligue 1,2425,2025-05-17 Saint-Étienne-Toulouse,Toulouse,Guillaume Restes,False,Goalkeeper,1,start,end,1.0,0.0,0.0,0.0,0.0,0.0,1.0,2.0,4.0,15.0,0.0,0.0,0.0,0.0,
FRA-Ligue 1,2425,2025-05-17 Strasbourg-Le Havre AC,Le Havre AC,Mathieu Gorgelin,False,Goalkeeper,1,start,end,1.0,0.0,0.0,0.0,0.0,0.0,0.0,2.0,2.0,4.0,0.0,0.0,0.0,0.0,
FRA-Ligue 1,2425,2025-05-17 Strasbourg-Le Havre AC,Strasbourg,Djordje Petrovic,True,Goalkeeper,1,start,end,1.0,0.0,0.0,0.0,0.0,0.0,0.0,3.0,2.0,7.0,0.0,0.0,0.0,0.0,
