keeper,height_cm
Aaron Ramsdale,190.0
Aarón Escandell,186.0
Abdoulaye Diallo,191.0
Adam Federici,188.0
Adrian Semper,194.0
Adrià Ortolá,187.0
Adrián,
Adrián Rodríguez,195.0
Agustín Marchesín,188.0
Aitor Fernández,182.0
Alaa Bellarouch,189.0
Alban Lafont,196.0
Albano Bizzarri,188.0
Alberto Brignoli,188.0
Alberto García,182.0
Alberto Paleari,193.0
Alberto Pelagotti,186.0
Aleksandar Jovanovic,191.0
Alen Sherri,197.0
Alessandro Russo,193.0
Alessandro Sorrentino,190.0
Alessio Cragno,184.0
Alessio Furlanetto,191.0
Alex Cordaz,188.0
Alex McCarthy,193.0
Alex Meret,190.0
Alex Palmer,191.0
Alexander Brunst-Zöllner,195.0
Alexander Meyer,195.0
Alexander Nübel,193.0
Alexander Schwolow,190.0
Alexandre Letellier,193.0
Alexandre Olliero,193.0
Alexandre Oukidja,184.0
Alexis Thébaux,185.0
Alfred Gomis,196.0
Alisson Becker,193.0
Alphonse Areola,195.0
Altay Bayindir,198.0
Andrea Consigli,189.0
Andrea Fulignati,190.0
Andrea Seculin,190.0
Andreas Luthe,195.0
Andrei Radu,
Andrey Lunev,190.0
Andriy Lunin,191.0
André Ferreira,193.0
André Onana,190.0
Andrés Fernández,185.0
Andrés Prieto,
Angelo da Costa,186.0
Angus Gunn,196.0
Anthony Lopes,184.0
Anthony Maisonnial,188.0
Anthony Racioppi,189.0
Antonio Adán,190.0
Antonio Mirante,193.0
Antonio Rosati,195.0
Antonio Santurro,192.0
Antonio Sivera,185.0
Antonín Kinsky,190.0
Arijanet Muric,198.0
Arnau Rafús,190.0
Arnau Tenas,185.0
Arnaud Bodart,186.0
Arthur Desmas,196.0
Artur Boruc,193.0
Asier Riesgo,185.0
Asmir Begovic,199.0
Augusto Batalla,185.0
Axel Werner,191.0
Baptiste Reynet,185.0
Bart Verbruggen,194.0
Bartlomiej Dragowski,191.0
Ben Foster,193.0
Ben Hamer,193.0
Ben Voll,195.0
Benjamin Lecomte,186.0
Benjamin Leroy,184.0
Benjamin Siegrist,196.0
Benoit Costil,188.0
Berke Özer,191.0
Bernd Leno,190.0
Bingourou Kamara,195.0
Boaz Myhill,191.0
Bobby Allain,185.0
Boris Radunovic,194.0
Brad Guzan,193.0
Brandon Austin,188.0
Brice Samba,187.0
Caoimhín Kelleher,188.0
Carl Klaus,189.0
Carlo Pinsoglio,194.0
Carlos Kameni,186.0
Caro,184.0
Christian Mathenia,189.0
Christian Puggioni,187.0
Christian Walton,195.0
Christos Mandas,189.0
Ciprian Tatarusanu,198.0
Claudio Bravo,184.0
Costel Pantilimon,203.0
Cédric Carrasso,187.0
Dani Giménez,185.0
Dani Martín,187.0
Daniel Batz,191.0
Daniel Bentley,193.0
Daniel Cárdenas,186.0
Daniel Fuzato,190.0
Daniel Heuer Fernandes,188.0
Daniel Iversen,193.0
Daniel Peretz,190.0
Daniele Padelli,191.0
Daniele Sommariva,185.0
Danijel Petković,196.0
Danijel Subasic,191.0
Danny Ward,191.0
Darren Randolph,187.0
David Button,191.0
David Gil,186.0
David Marshall,187.0
David Martin,188.0
David Oberhauser,187.0
David Ospina,183.0
David Raya,183.0
David Soria,192.0
David de Gea,192.0
Davy Roef,187.0
Dean Henderson,188.0
Demba Thiam,202.0
Denis Petric,186.0
Dennis Smarsch,195.0
Denys Boyko,197.0
Devis Vásquez,195.0
Diant Ramaj,189.0
Diego Alves,187.0
Diego Benaglio,194.0
Diego Conde,188.0
Diego López,196.0
Diego Mariño,185.0
Dimitry Bertaud,183.0
Dinko Horkas,189.0
Djordje Petrovic,194.0
Dogan Alemdar,192.0
Dominik Greif,197.0
Donovan Léon,187.0
Ederson,188.0
Edgar Badía,180.0
Edoardo Corvi,187.0
Edoardo Motta,194.0
Edwin Zelazny,186.0
Eiji Kawashima,185.0
Eldin Jakupovic,191.0
Elia Caprile,191.0
Elias Bördner,188.0
Emil Audero,192.0
Emiliano Martínez,195.0
Emiliano Viviano,195.0
Enrico Alfonso,191.0
Etienne Green,191.0
Etrit Berisha,194.0
Eugenio Lamanna,187.0
Fabian Bredlow,190.0
Fabian Giefer,196.0
Fabio Coltorti,
Fabri,184.0
Federico Marchetti,188.0
Federico Ravaglia,196.0
Felix Wiedwald,190.0
Fernando Martínez,183.0
Fernando Pacheco,187.0
Filip Jørgensen,192.0
Filip Stankovic,187.0
Filippo Rinaldi,188.0
Finn Dahmen,186.0
Florian Kastenmeier,192.0
Florian Müller,190.0
Fran González,199.0
Fran Vieites,196.0
Francesco Bardi,188.0
Francis Uzoho,196.0
Franco Israel,190.0
Francois-Joseph Sollacaro,182.0
Frank Feller,183.0
Fraser Forster,201.0
Freddie Woodman,188.0
Frederik Ronnow,188.0
Gabriel,194.0
Gaetan Poussin,186.0
Gauthier Gallon,186.0
Gautier Larsonneur,181.0
Gavin Bazunu,188.0
Geoffrey Jourdren,183.0
Germán Lux,185.0
Gerónimo Rulli,189.0
Gianluca Pegolo,183.0
Gianluigi Buffon,192.0
Gianluigi Donnarumma,196.0
Giorgi Mamardashvili,197.0
Gorka Iraizoz,191.0
Gregor Kobel,196.0
Grégoire Coudert,192.0
Guglielmo Vicario,194.0
Guido Guerrieri,187.0
Guillaume Restes,188.0
Guillermo Ochoa,185.0
Guy N'Dy,192.0
Heinz Lindner,188.0
Hervé Koffi,186.0
Heurelho Gomes,191.0
Horatiu Moldovan,193.0
Hugo Lloris,188.0
Hákon Valdimarsson,195.0
Iago Herrerín,187.0
Illan Meslier,197.0
Ivan Provedel,194.0
Ivan Vargic,192.0
Ivo Grbic,195.0
Iván Cuéllar,187.0
Iván Villar,183.0
Iñaki Peña,184.0
Jack Butland,196.0
Jacopo Seghetti,189.0
Jakub Stolarczyk,194.0
James Trafford,192.0
Jan Oblak,188.0
Jan Olschowsky,184.0
Jandrei,186.0
Janis Blaswich,193.0
Jannik Huth,185.0
Jaroslav Drobný,192.0
Jason Steele,188.0
Jasper Cillessen,187.0
Jaume Doménech,185.0
Javi Díaz,185.0
Javi Varas,182.0
Jean Butez,189.0
Jean-Christophe Bouet,184.0
Jean-Louis Leca,180.0
Jed Steer,183.0
Jeffrey de Lange,190.0
Jens Grahl,192.0
Jeremias Ledesma,
Jeroen Zoet,189.0
Jesse Joronen,197.0
Jessy Moulin,184.0
Jesús Owono,186.0
Jirí Pavlenka,196.0
Joan García,194.0
Joaquín Blázquez,193.0
Joe Hart,196.0
Joe Lumley,190.0
Joel Coleman,198.0
Joel Pereira,189.0
Joel Robles,194.0
John Ruddy,192.0
John Victor,197.0
Jon Serantes,184.0
Jonas Lössl,195.0
Jonas Omlin,190.0
Jonas Urbig,189.0
Jonathan Fischer,198.0
Jordan Pickford,185.0
Jordi Masip,180.0
Josep Martínez,191.0
Joseph Whitworth,179.0
Josip Posavec,190.0
José Sá,192.0
Juan Carlos,187.0
Juan Musso,191.0
Juan Pablo Carrizo,189.0
Juan Pérez,191.0
Juan Soriano,185.0
Julen Agirrezabala,187.0
Julian Pollersbeck,195.0
Julian Speroni,186.0
Justin Bijlow,188.0
Jérémy Vachoux,
Jérôme Prior,187.0
Kamil Grabara,195.0
Karl Darlow,190.0
Karl Hein,193.0
Karl-Johan Johnsson,188.0
Karlo Letica,201.0
Kasper Schmeichel,189.0
Kauã Santos,196.0
Kepa Arrizabalaga,188.0
Kevin Müller,190.0
Kevin Trapp,189.0
Keylor Navas,185.0
Kiko Casilla,190.0
Kjetil Haug,191.0
Koen Casteels,197.0
Koke Vegas,188.0
Kristoffer Nordfeldt,190.0
Landry Bonnefoi,184.0
Lasse Rieß,192.0
Laurent Pionnier,183.0
Leandro Chichizola,185.0
Lee Grant,193.0
Lennart Grill,192.0
Leo Román,189.0
Leopold Zingerle,182.0
Lionel Mpasi,182.0
Lorenzo Andrenacci,188.0
Lorenzo Montipò,191.0
Loris Karius,191.0
Lovre Kalinic,201.0
Luca Crosta,190.0
Luca Gemello,190.0
Luca Philipp,192.0
Luca Zidane,183.0
Lucas Bergstrom,205.0
Lucas Chevalier,189.0
Lucas Dias,187.0
Lucas Perri,197.0
Ludovic Butelle,188.0
Luigi Sepe,185.0
Luiz Júnior,192.0
Lukas Hradecky,192.0
Lukasz Fabianski,190.0
Lukasz Skorupski,188.0
Luís Maximiano,190.0
Léo Jardim,188.0
Maarten Stekelenburg,197.0
Maarten Vandevoordt,192.0
Mads Hermansen,187.0
Maduka Okoye,198.0
Maksym Koval,188.0
Mamadou Samassa,198.0
Manolo Reina,186.0
Manuel Neuer,193.0
Manuel Riemann,186.0
Marc Martínez Aranda,186.0
Marc-André ter Stegen,187.0
Marc-Aurele Caillard,192.0
Marcel Schuhen,188.0
Marcin Bulka,199.0
Marco Bizot,193.0
Marco Carnesecchi,191.0
Marco Festa,190.0
Marco Silvestri,191.0
Marco Sportiello,192.0
Marco Storari,187.0
Marcus Bettinelli,193.0
Marek Rodák,194.0
Mariano Barbosa,188.0
Mario Fernández,185.0
Marius Müller,192.0
Mark Flekken,195.0
Mark Travers,191.0
Marko Dmitrovic,189.0
Markus Schubert,184.0
Martin Dúbravka,191.0
Martin Hansen,190.0
Martin Turk,190.0
Marvin Schwäbe,190.0
Marwin Hitz,194.0
Massamba Ndiaye,202.0
Massimo Pessina,188.0
Matej Kovár,196.0
Mateusz Lis,192.0
Matheo Raab,186.0
Mathew Ryan,184.0
Mathieu Dreyer,188.0
Mathieu Gorgelin,187.0
Mathieu Michel,189.0
Mathys Silistre,188.0
Matis Carvalho,186.0
Matt Turner,191.0
Mattia Perin,188.0
Matvei Safonov,192.0
Matz Sels,188.0
Matías Dituro,191.0
Mauro Goicoechea,186.0
Mauro Vigorito,187.0
Max Weiß,190.0
Maxime Dupé,188.0
Melker Ellborg,191.0
Melvin Zinga,187.0
Michael Esser,198.0
Michael Langer,195.0
Michael McGovern,190.0
Michael Rensing,190.0
Michael Zetterer,187.0
Michel Vorm,183.0
Michele Cerofolini,188.0
Michele Di Gregorio,187.0
Miguel Parera,182.0
Miguel Ángel Moyà,189.0
Mike Maignan,191.0
Mike Penders,200.0
Mile Svilar,189.0
Mio Backhaus,194.0
Morgan De Sanctis,190.0
Moritz Nicolas,193.0
Mory Diaw,197.0
Mouhamadou Sarr,190.0
Nauzet,190.0
Nediljko Labrovic,196.0
Neil Etheridge,188.0
Nereo Champagne,188.0
Neto,190.0
Nick Pope,198.0
Nicola Leali,193.0
Nicola Ravaglia,184.0
Nicolas Lemaitre,189.0
Niklas Lomb,186.0
Nikola Vasilj,193.0
Noah Atubolu,190.0
Nícolas Andrade,190.0
Obed Nkambadio,190.0
Odisseas Vlachodimos,191.0
Oier Olazábal,189.0
Oliver Baumann,187.0
Oliver Christensen,190.0
Orestis Karnezis,190.0
Oumar Pona,195.0
Ouparine Djoco,188.0
Pablo Cuñat,188.0
Pape Sy,206.0
Patrick Carlgren,189.0
Patrick Drewes,194.0
Patrick Pentz,183.0
Pau López,189.0
Paul Argney,186.0
Paul Bernardoni,193.0
Paul Delecroix,184.0
Paul Nardi,188.0
Paul Reulet,181.0
Paul Robinson,193.0
Paulo Gazzaniga,195.0
Pavao Pervan,194.0
Pedro López,189.0
Pepe Reina,188.0
Petr Cech,196.0
Philipp Köhn,190.0
Philipp Pentke,191.0
Philipp Tschauner,196.0
Pierluigi Frattali,185.0
Pierluigi Gollini,194.0
Pietro Terracciano,193.0
Predrag Rajkovic,191.0
Przemyslaw Tyton,195.0
Péter Gulácsi,193.0
Radoslaw Majecki,193.0
Rafael,187.0
Rafal Gikiewicz,190.0
Ralf Fährmann,197.0
Ramazan Özcan,185.0
Razvan Sava,197.0
Raïs M'Bolhi,190.0
Raúl Fernández,195.0
Raúl Lizoain,188.0
Renato Marin,190.0
René Adler,
Riffi Mandanda,185.0
Robert Elliot,191.0
Robert Sánchez,197.0
Roberto,192.0
Roberto Santamaría,183.0
Robin Olsen,196.0
Robin Risser,193.0
Robin Roefs,193.0
Robin Zentner,194.0
Romain Salin,186.0
Roman Bürki,187.0
Roman Weidenfeller,190.0
Ron-Robert Zieler,188.0
Rubinho,186.0
Rubén,187.0
Rubén Blanco,188.0
Rui Patrício,190.0
Rui Silva,191.0
Rune Jarstein,192.0
Ryan Allsop,189.0
Régis Gurtner,182.0
Rémy Descamps,196.0
Rémy Riou,191.0
Rémy Vercoutre,185.0
Rúnar Rúnarsson,186.0
Salvador Ichazo,187.0
Salvatore Sirigu,192.0
Sam Johnstone,193.0
Samir Handanovic,193.0
Samir Ujkani,186.0
Samuel Radlinger,198.0
Samuele Perisan,192.0
Sander Tangvik,193.0
Saturnin Allagbé,187.0
Sebastien Cibois,192.0
Semuel Pizzignacco,188.0
Senne Lammens,193.0
Sergey Chernik,187.0
Sergio Asenjo,189.0
Sergio Herrera,192.0
Sergio Rico,196.0
Sergio Romero,192.0
Sergio Álvarez,179.0
Seydou Sy,192.0
Shay Given,185.0
Silvio Proto,184.0
Simon Mignolet,193.0
Simon Moore,191.0
Simone Colombi,188.0
Simone Perilli,196.0
Simone Scuffet,193.0
Stefan Bajic,188.0
Stefan Ortega,185.0
Stefano Sorrentino,186.0
Stefano Turati,188.0
Stefanos Kapino,196.0
Steve Mandanda,187.0
Stole Dimitrievski,188.0
Stéphane Ruffier,188.0
Sven Müller,190.0
Sven Ulreich,192.0
Thibaut Courtois,200.0
Thomas Didillon,193.0
Thomas Dähne,193.0
Thomas Kaminski,190.0
Thomas Kessler,197.0
Thomas Kraft,187.0
Thomas Strakosha,193.0
Thomas Vincensini,185.0
Théo De Percin,185.0
Tiago Pereira,190.0
Tim Krul,193.0
Timo Horn,192.0
Timon Weiner,191.0
Tjark Ernst,193.0
Tobias Sippel,183.0
Tom Heaton,188.0
Tom Mickel,185.0
Tom Starke,194.0
Tomas Koubek,197.0
Tomasso Martinelli,194.0
Tomás Vaclík,189.0
Toño Ramírez,191.0
Unai Marrero,189.0
Unai Simón,190.0
Vanja Milinkovic-Savic,202.0
Vicente Guaita,190.0
Vid Belec,192.0
Vincent Demarconnay,
Vincent Enyeama,182.0
Vincenzo Fiorillo,190.0
Vito Mannone,188.0
Vladyslav Krapyvtsov,188.0
Víctor Valdés,183.0
Walter Benítez,191.0
Wayne Hennessey,198.0
Wes Foderingham,185.0
Wilfredo Caballero,
Wladimiro Falcone,195.0
Wojciech Szczesny,195.0
Wuilker Faríñez,180.0
Yahia Fofana,194.0
Yann Sommer,183.0
Yannis Clementia,188.0
Yassine Bounou,195.0
Yehvann Diouf,188.0
Yoan Cardinale,181.0
Yoel,184.0
Yohann Pelé,196.0
Yohann Thuram-Ulien,188.0
Yvon Mvogo,190.0
Zacharie Boucher,181.0
Zack Steffen,191.0
Zion Suzuki,190.0
Álex Padilla,190.0
Álex Remiro,192.0
Álvaro Fernández,185.0
Álvaro Valles,191.0
Ángel Fortuño,183.0
Édouard Mendy,194.0
Ørjan Nyland,192.0
